"crms_site","map_year","land_acres","water_acres",
"BA39-01","2021","204.10","43.00",
"BA39-02","2021","223.90","23.20",
"BA39-03","2021","177.50","69.60",
"CRMS0002","2005","127.40","119.70",
"CRMS0002","2008","129.80","117.30",
"CRMS0002","2012","124.30","122.80",
"CRMS0002","2016","128.60","118.50",
"CRMS0002","2018","123.00","124.10",
"CRMS0002","2021","112.30","134.80",
"CRMS0003","2005","89.00","158.10",
"CRMS0003","2008","84.30","162.80",
"CRMS0003","2012","81.00","166.10",
"CRMS0003","2016","79.70","167.40",
"CRMS0003","2018","77.40","169.70",
"CRMS0003","2021","74.90","172.20",
"CRMS0006","2005","87.30","159.90",
"CRMS0006","2008","113.30","133.80",
"CRMS0006","2012","116.70","130.40",
"CRMS0006","2016","119.20","127.90",
"CRMS0006","2018","105.90","141.20",
"CRMS0006","2021","105.30","141.80",
"CRMS0008","2005","230.00","17.10",
"CRMS0008","2008","228.90","18.20",
"CRMS0008","2012","229.40","17.70",
"CRMS0008","2016","227.60","19.50",
"CRMS0008","2018","225.90","21.20",
"CRMS0008","2021","224.50","22.60",
"CRMS0030","2005","207.00","40.10",
"CRMS0030","2008","205.30","41.90",
"CRMS0030","2012","207.60","39.50",
"CRMS0030","2016","210.40","36.70",
"CRMS0030","2018","209.40","37.70",
"CRMS0030","2021","188.70","58.40",
"CRMS0033","2005","207.20","39.90",
"CRMS0033","2008","194.20","52.90",
"CRMS0033","2012","205.70","41.40",
"CRMS0033","2016","199.70","47.40",
"CRMS0033","2018","191.20","55.90",
"CRMS0033","2021","158.00","89.10",
"CRMS0034","2005","218.00","29.10",
"CRMS0034","2008","216.30","30.80",
"CRMS0034","2012","218.50","28.60",
"CRMS0034","2016","216.30","30.80",
"CRMS0034","2018","213.40","33.70",
"CRMS0034","2021","199.00","48.10",
"CRMS0035","2005","229.20","17.90",
"CRMS0035","2008","233.30","13.80",
"CRMS0035","2012","230.50","16.70",
"CRMS0035","2016","233.40","13.70",
"CRMS0035","2018","230.80","16.30",
"CRMS0035","2021","228.70","18.40",
"CRMS0038","2005","245.50","1.60",
"CRMS0038","2008","245.30","1.80",
"CRMS0038","2012","245.70","1.40",
"CRMS0038","2016","244.80","2.30",
"CRMS0038","2018","244.90","2.20",
"CRMS0038","2021","243.90","3.20",
"CRMS0039","2005","245.00","2.10",
"CRMS0039","2008","245.40","1.70",
"CRMS0039","2012","245.40","1.70",
"CRMS0039","2016","247.00","0.10",
"CRMS0039","2018","246.00","1.10",
"CRMS0039","2021","245.90","1.20",
"CRMS0046","2005","236.40","10.70",
"CRMS0046","2008","235.60","11.50",
"CRMS0046","2012","237.00","10.10",
"CRMS0046","2016","236.20","10.90",
"CRMS0046","2018","236.20","10.90",
"CRMS0046","2021","235.00","12.10",
"CRMS0047","2005","241.20","5.90",
"CRMS0047","2008","241.30","5.80",
"CRMS0047","2012","242.00","5.10",
"CRMS0047","2016","242.70","4.40",
"CRMS0047","2018","241.30","5.80",
"CRMS0047","2021","238.70","8.40",
"CRMS0056","2005","240.40","6.70",
"CRMS0056","2008","238.50","8.60",
"CRMS0056","2012","236.70","10.40",
"CRMS0056","2016","240.70","6.40",
"CRMS0056","2018","240.70","6.40",
"CRMS0056","2021","222.00","25.10",
"CRMS0058","2005","228.40","18.70",
"CRMS0058","2008","228.20","18.90",
"CRMS0058","2012","221.70","25.40",
"CRMS0058","2016","226.20","20.90",
"CRMS0058","2018","226.00","21.10",
"CRMS0058","2021","221.20","25.90",
"CRMS0059","2005","243.00","4.10",
"CRMS0059","2008","242.20","4.90",
"CRMS0059","2012","242.90","4.20",
"CRMS0059","2016","227.00","20.10",
"CRMS0059","2018","223.80","23.30",
"CRMS0059","2021","234.70","12.40",
"CRMS0061","2005","224.10","23.00",
"CRMS0061","2008","221.70","25.40",
"CRMS0061","2012","219.60","27.50",
"CRMS0061","2016","225.20","21.90",
"CRMS0061","2018","221.80","25.30",
"CRMS0061","2021","219.50","27.60",
"CRMS0063","2005","241.20","5.90",
"CRMS0063","2008","242.30","4.80",
"CRMS0063","2012","241.30","5.80",
"CRMS0063","2016","244.00","3.10",
"CRMS0063","2018","242.20","4.90",
"CRMS0063","2021","241.10","6.00",
"CRMS0065","2005","231.40","15.70",
"CRMS0065","2008","228.40","18.80",
"CRMS0065","2012","246.90","0.20",
"CRMS0065","2016","240.70","6.40",
"CRMS0065","2018","244.20","2.90",
"CRMS0065","2021","239.50","7.60",
"CRMS0086","2005","216.10","31.10",
"CRMS0086","2008","217.70","29.40",
"CRMS0086","2012","215.50","31.60",
"CRMS0086","2016","207.80","39.30",
"CRMS0086","2018","210.00","37.10",
"CRMS0086","2021","204.60","42.50",
"CRMS0089","2005","239.00","8.10",
"CRMS0089","2008","239.60","7.50",
"CRMS0089","2012","237.20","9.90",
"CRMS0089","2016","240.10","7.00",
"CRMS0089","2018","239.00","8.10",
"CRMS0089","2021","237.50","9.60",
"CRMS0090","2005","241.90","5.20",
"CRMS0090","2008","242.30","4.80",
"CRMS0090","2012","242.90","4.20",
"CRMS0090","2016","244.20","2.90",
"CRMS0090","2018","243.20","3.90",
"CRMS0090","2021","242.20","4.90",
"CRMS0097","2005","241.20","5.90",
"CRMS0097","2008","241.00","6.10",
"CRMS0097","2012","241.90","5.20",
"CRMS0097","2016","242.10","5.00",
"CRMS0097","2018","241.50","5.60",
"CRMS0097","2021","241.10","6.00",
"CRMS0103","2005","231.50","15.60",
"CRMS0103","2008","231.10","16.00",
"CRMS0103","2012","232.30","14.80",
"CRMS0103","2016","236.70","10.40",
"CRMS0103","2018","234.90","12.20",
"CRMS0103","2021","233.50","13.60",
"CRMS0108","2005","154.10","93.10",
"CRMS0108","2008","151.70","95.40",
"CRMS0108","2012","146.70","100.40",
"CRMS0108","2016","146.40","100.70",
"CRMS0108","2018","143.60","103.50",
"CRMS0108","2021","139.60","107.50",
"CRMS0114","2005","46.70","200.40",
"CRMS0114","2008","39.60","207.50",
"CRMS0114","2012","37.80","209.30",
"CRMS0114","2016","49.60","197.50",
"CRMS0114","2018","52.70","194.40",
"CRMS0114","2021","44.50","202.60",
"CRMS0115","2005","65.40","181.70",
"CRMS0115","2008","51.90","195.20",
"CRMS0115","2012","42.20","204.90",
"CRMS0115","2016","80.00","167.10",
"CRMS0115","2018","82.90","164.20",
"CRMS0115","2021","70.10","177.00",
"CRMS0117","2005","64.90","182.20",
"CRMS0117","2008","57.80","189.40",
"CRMS0117","2012","44.90","202.20",
"CRMS0117","2016","104.10","143.00",
"CRMS0117","2018","105.30","141.80",
"CRMS0117","2021","101.00","146.10",
"CRMS0118","2005","223.60","23.60",
"CRMS0118","2008","226.80","20.30",
"CRMS0118","2012","225.50","21.60",
"CRMS0118","2016","231.90","15.20",
"CRMS0118","2018","230.40","16.70",
"CRMS0118","2021","212.60","34.50",
"CRMS0119","2005","187.40","59.70",
"CRMS0119","2008","189.30","57.80",
"CRMS0119","2012","186.90","60.20",
"CRMS0119","2016","190.00","57.10",
"CRMS0119","2018","189.40","57.70",
"CRMS0119","2021","186.60","60.50",
"CRMS0120","2005","190.00","57.10",
"CRMS0120","2008","175.70","71.40",
"CRMS0120","2012","172.40","74.70",
"CRMS0120","2016","195.10","52.00",
"CRMS0120","2018","184.50","62.60",
"CRMS0120","2021","176.20","70.90",
"CRMS0121","2005","74.30","172.80",
"CRMS0121","2008","72.20","174.90",
"CRMS0121","2012","52.10","195.00",
"CRMS0121","2016","50.30","196.80",
"CRMS0121","2018","47.70","199.40",
"CRMS0121","2021","43.20","203.90",
"CRMS0125","2005","142.90","104.20",
"CRMS0125","2008","150.40","96.70",
"CRMS0125","2012","154.10","93.00",
"CRMS0125","2016","196.90","50.20",
"CRMS0125","2018","196.30","50.80",
"CRMS0125","2021","160.60","86.50",
"CRMS0128","2005","120.50","126.60",
"CRMS0128","2008","109.60","137.50",
"CRMS0128","2012","104.60","142.50",
"CRMS0128","2016","146.90","100.20",
"CRMS0128","2018","135.10","112.00",
"CRMS0128","2021","120.90","126.20",
"CRMS0129","2005","224.40","22.70",
"CRMS0129","2008","225.80","21.30",
"CRMS0129","2012","226.80","20.30",
"CRMS0129","2016","228.30","18.80",
"CRMS0129","2018","228.30","18.80",
"CRMS0129","2021","226.30","20.80",
"CRMS0131","2005","84.40","162.70",
"CRMS0131","2008","70.70","176.40",
"CRMS0131","2012","58.10","189.00",
"CRMS0131","2016","61.00","186.10",
"CRMS0131","2018","55.40","191.70",
"CRMS0131","2021","49.60","197.50",
"CRMS0132","2005","104.90","142.20",
"CRMS0132","2008","99.00","148.10",
"CRMS0132","2012","93.20","153.90",
"CRMS0132","2016","101.90","145.20",
"CRMS0132","2018","91.30","155.80",
"CRMS0132","2021","74.50","172.60",
"CRMS0135","2005","67.20","179.90",
"CRMS0135","2008","68.80","178.30",
"CRMS0135","2012","55.90","191.20",
"CRMS0135","2016","55.70","191.40",
"CRMS0135","2018","52.10","195.00",
"CRMS0135","2021","46.80","200.30",
"CRMS0136","2005","113.00","134.10",
"CRMS0136","2008","112.60","134.50",
"CRMS0136","2012","106.00","141.10",
"CRMS0136","2016","107.20","139.90",
"CRMS0136","2018","98.70","148.40",
"CRMS0136","2021","84.90","162.20",
"CRMS0139","2005","60.30","186.80",
"CRMS0139","2008","74.20","172.90",
"CRMS0139","2012","71.70","175.40",
"CRMS0139","2016","100.50","146.60",
"CRMS0139","2018","126.00","121.10",
"CRMS0139","2021","123.90","123.20",
"CRMS0146","2005","93.10","154.00",
"CRMS0146","2008","91.60","155.50",
"CRMS0146","2012","76.90","170.20",
"CRMS0146","2016","73.40","173.70",
"CRMS0146","2018","69.00","178.10",
"CRMS0146","2021","62.20","184.90",
"CRMS0147","2005","142.30","104.80",
"CRMS0147","2008","142.30","104.80",
"CRMS0147","2012","136.00","111.10",
"CRMS0147","2016","135.50","111.60",
"CRMS0147","2018","133.70","113.40",
"CRMS0147","2021","129.10","118.00",
"CRMS0148","2005","184.20","62.90",
"CRMS0148","2008","190.60","56.50",
"CRMS0148","2012","189.40","57.70",
"CRMS0148","2016","192.70","54.40",
"CRMS0148","2018","189.60","57.50",
"CRMS0148","2021","185.90","61.20",
"CRMS0153","2005","85.90","161.20",
"CRMS0153","2008","68.70","178.40",
"CRMS0153","2012","41.80","205.30",
"CRMS0153","2016","43.20","203.90",
"CRMS0153","2018","22.30","224.80",
"CRMS0153","2021","3.70","243.40",
"CRMS0154","2005","79.60","167.50",
"CRMS0154","2008","102.00","145.10",
"CRMS0154","2012","96.00","151.10",
"CRMS0154","2016","106.00","141.10",
"CRMS0154","2018","96.90","150.20",
"CRMS0154","2021","123.00","124.10",
"CRMS0156","2005","101.80","145.30",
"CRMS0156","2008","116.70","130.40",
"CRMS0156","2012","124.10","123.00",
"CRMS0156","2016","138.60","108.50",
"CRMS0156","2018","134.30","112.80",
"CRMS0156","2021","105.70","141.40",
"CRMS0157","2005","42.30","204.80",
"CRMS0157","2008","62.70","184.40",
"CRMS0157","2012","76.70","170.40",
"CRMS0157","2016","102.30","144.80",
"CRMS0157","2018","73.40","173.70",
"CRMS0157","2021","62.60","184.50",
"CRMS0159","2005","160.50","86.60",
"CRMS0159","2008","167.50","79.60",
"CRMS0159","2012","178.30","68.80",
"CRMS0159","2016","191.40","55.70",
"CRMS0159","2018","187.10","60.00",
"CRMS0159","2021","171.80","75.30",
"CRMS0161","2005","146.80","100.30",
"CRMS0161","2008","109.80","137.30",
"CRMS0161","2012","117.20","129.90",
"CRMS0161","2016","126.50","120.60",
"CRMS0161","2018","102.60","144.50",
"CRMS0161","2021","62.00","185.10",
"CRMS0162","2005","179.20","67.90",
"CRMS0162","2008","186.20","60.90",
"CRMS0162","2012","192.30","54.80",
"CRMS0162","2016","212.10","35.00",
"CRMS0162","2018","190.80","56.30",
"CRMS0162","2021","151.90","95.20",
"CRMS0163","2005","111.60","135.50",
"CRMS0163","2008","145.00","102.10",
"CRMS0163","2012","137.60","109.50",
"CRMS0163","2016","174.70","72.40",
"CRMS0163","2018","172.80","74.30",
"CRMS0163","2021","155.10","92.00",
"CRMS0164","2005","105.00","142.10",
"CRMS0164","2008","101.80","145.30",
"CRMS0164","2012","93.00","154.10",
"CRMS0164","2016","88.70","158.40",
"CRMS0164","2018","80.20","166.90",
"CRMS0164","2021","75.90","171.20",
"CRMS0171","2005","44.30","202.80",
"CRMS0171","2008","38.50","208.60",
"CRMS0171","2012","32.50","214.60",
"CRMS0171","2016","51.80","195.30",
"CRMS0171","2018","41.40","205.70",
"CRMS0171","2021","33.50","213.60",
"CRMS0172","2005","79.30","167.80",
"CRMS0172","2008","76.40","170.70",
"CRMS0172","2012","71.10","176.10",
"CRMS0172","2016","68.30","178.80",
"CRMS0172","2018","64.40","182.70",
"CRMS0172","2021","58.10","189.00",
"CRMS0173","2005","94.30","152.80",
"CRMS0173","2008","92.90","154.20",
"CRMS0173","2012","100.80","146.30",
"CRMS0173","2016","93.20","153.90",
"CRMS0173","2018","88.00","159.10",
"CRMS0173","2021","81.90","165.20",
"CRMS0174","2005","57.40","189.70",
"CRMS0174","2008","53.50","193.60",
"CRMS0174","2012","42.70","204.40",
"CRMS0174","2016","35.90","211.20",
"CRMS0174","2018","29.30","217.80",
"CRMS0174","2021","22.20","224.90",
"CRMS0175","2005","55.70","191.40",
"CRMS0175","2008","51.30","195.80",
"CRMS0175","2012","44.20","202.90",
"CRMS0175","2016","40.80","206.30",
"CRMS0175","2018","35.40","211.70",
"CRMS0175","2021","29.90","217.20",
"CRMS0176","2005","79.30","167.80",
"CRMS0176","2008","73.80","173.30",
"CRMS0176","2012","64.60","182.60",
"CRMS0176","2016","58.50","188.60",
"CRMS0176","2018","52.80","194.30",
"CRMS0176","2021","39.10","208.00",
"CRMS0178","2005","9.10","238.00",
"CRMS0178","2008","7.20","239.90",
"CRMS0178","2012","5.10","242.00",
"CRMS0178","2016","2.60","244.50",
"CRMS0178","2018","1.80","245.30",
"CRMS0178","2021","0.80","246.30",
"CRMS0179","2005","131.30","115.80",
"CRMS0179","2008","124.40","122.70",
"CRMS0179","2012","118.80","128.30",
"CRMS0179","2016","106.90","140.20",
"CRMS0179","2018","103.00","144.10",
"CRMS0179","2021","93.30","153.80",
"CRMS0181","2005","49.80","197.30",
"CRMS0181","2008","49.90","197.20",
"CRMS0181","2012","44.30","202.80",
"CRMS0181","2016","37.80","209.30",
"CRMS0181","2018","35.80","211.30",
"CRMS0181","2021","28.40","218.70",
"CRMS0185","2005","236.10","11.00",
"CRMS0185","2008","236.10","11.00",
"CRMS0185","2012","235.70","11.40",
"CRMS0185","2016","234.50","12.60",
"CRMS0185","2018","233.00","14.10",
"CRMS0185","2021","230.80","16.30",
"CRMS0188","2005","236.50","10.60",
"CRMS0188","2008","236.60","10.50",
"CRMS0188","2012","236.10","11.00",
"CRMS0188","2016","239.50","7.60",
"CRMS0188","2018","238.30","8.80",
"CRMS0188","2021","237.00","10.10",
"CRMS0189","2005","240.90","6.20",
"CRMS0189","2008","242.00","5.10",
"CRMS0189","2012","244.70","2.40",
"CRMS0189","2016","246.40","0.70",
"CRMS0189","2018","246.30","0.80",
"CRMS0189","2021","245.90","1.20",
"CRMS0190","2005","220.70","26.40",
"CRMS0190","2008","211.20","35.90",
"CRMS0190","2012","213.50","33.60",
"CRMS0190","2016","225.60","21.50",
"CRMS0190","2018","221.50","25.60",
"CRMS0190","2021","7.60","239.50",
"CRMS0192","2005","246.90","0.20",
"CRMS0192","2008","246.80","0.30",
"CRMS0192","2012","247.00","0.10",
"CRMS0192","2016","247.00","0.10",
"CRMS0192","2018","246.90","0.20",
"CRMS0192","2021","246.70","0.40",
"CRMS0194","2005","246.80","0.30",
"CRMS0194","2008","246.90","0.20",
"CRMS0194","2012","246.70","0.40",
"CRMS0194","2016","245.20","1.90",
"CRMS0194","2018","244.80","2.30",
"CRMS0194","2021","245.90","1.20",
"CRMS0197","2005","246.80","0.30",
"CRMS0197","2008","246.80","0.30",
"CRMS0197","2012","246.80","0.30",
"CRMS0197","2016","245.90","1.20",
"CRMS0197","2018","246.60","0.50",
"CRMS0197","2021","246.60","0.50",
"CRMS0200","2005","247.10","0.00",
"CRMS0200","2008","247.10","0.00",
"CRMS0200","2012","247.10","0.00",
"CRMS0200","2016","247.10","0.00",
"CRMS0200","2018","247.10","0.00",
"CRMS0200","2021","247.10","0.00",
"CRMS0206","2005","246.10","1.00",
"CRMS0206","2008","246.30","0.90",
"CRMS0206","2012","246.10","1.00",
"CRMS0206","2016","243.40","3.70",
"CRMS0206","2018","241.40","5.70",
"CRMS0206","2021","241.90","5.20",
"CRMS0209","2005","190.30","56.80",
"CRMS0209","2008","192.10","55.00",
"CRMS0209","2012","187.80","59.30",
"CRMS0209","2016","189.80","57.30",
"CRMS0209","2018","186.90","60.20",
"CRMS0209","2021","181.50","65.60",
"CRMS0211","2005","245.70","1.40",
"CRMS0211","2008","245.90","1.20",
"CRMS0211","2012","246.40","0.70",
"CRMS0211","2016","246.10","1.00",
"CRMS0211","2018","246.00","1.10",
"CRMS0211","2021","245.80","1.30",
"CRMS0217","2005","238.90","8.20",
"CRMS0217","2008","239.40","7.70",
"CRMS0217","2012","241.20","5.90",
"CRMS0217","2016","238.80","8.30",
"CRMS0217","2018","237.00","10.10",
"CRMS0217","2021","236.20","10.90",
"CRMS0218","2005","244.50","2.60",
"CRMS0218","2008","244.60","2.50",
"CRMS0218","2012","244.00","3.10",
"CRMS0218","2016","243.70","3.40",
"CRMS0218","2018","242.70","4.40",
"CRMS0218","2021","240.70","6.40",
"CRMS0219","2005","246.70","0.50",
"CRMS0219","2008","246.70","0.40",
"CRMS0219","2012","247.00","0.10",
"CRMS0219","2016","246.50","0.60",
"CRMS0219","2018","246.80","0.30",
"CRMS0219","2021","247.00","0.10",
"CRMS0220","2005","91.70","155.40",
"CRMS0220","2008","84.00","163.10",
"CRMS0220","2012","86.40","160.70",
"CRMS0220","2016","79.10","168.00",
"CRMS0220","2018","70.40","176.70",
"CRMS0220","2021","46.60","200.50",
"CRMS0224","2005","137.60","109.50",
"CRMS0224","2008","136.50","110.60",
"CRMS0224","2012","134.60","112.50",
"CRMS0224","2016","134.90","112.20",
"CRMS0224","2018","131.90","115.20",
"CRMS0224","2021","128.50","118.60",
"CRMS0225","2005","133.30","113.80",
"CRMS0225","2008","122.20","124.90",
"CRMS0225","2012","125.60","121.50",
"CRMS0225","2016","121.90","125.20",
"CRMS0225","2018","116.50","130.60",
"CRMS0225","2021","101.90","145.20",
"CRMS0226","2005","207.50","39.60",
"CRMS0226","2008","206.10","41.00",
"CRMS0226","2012","205.40","41.70",
"CRMS0226","2016","207.70","39.40",
"CRMS0226","2018","204.00","43.10",
"CRMS0226","2021","197.40","49.70",
"CRMS0232","2005","154.50","92.60",
"CRMS0232","2008","151.60","95.50",
"CRMS0232","2012","150.80","96.30",
"CRMS0232","2016","156.40","90.70",
"CRMS0232","2018","138.90","108.20",
"CRMS0232","2021","139.00","108.10",
"CRMS0234","2005","242.00","5.10",
"CRMS0234","2008","242.10","5.00",
"CRMS0234","2012","242.20","4.90",
"CRMS0234","2016","242.60","4.50",
"CRMS0234","2018","241.90","5.20",
"CRMS0234","2021","242.00","5.10",
"CRMS0237","2005","150.90","96.20",
"CRMS0237","2008","151.30","95.80",
"CRMS0237","2012","149.50","97.60",
"CRMS0237","2016","150.90","96.20",
"CRMS0237","2018","147.90","99.20",
"CRMS0237","2021","143.00","104.10",
"CRMS0241","2005","244.90","2.20",
"CRMS0241","2008","244.60","2.50",
"CRMS0241","2012","242.90","4.20",
"CRMS0241","2016","245.00","2.10",
"CRMS0241","2018","241.40","5.70",
"CRMS0241","2021","241.30","5.80",
"CRMS0248","2005","115.50","131.60",
"CRMS0248","2008","113.10","134.00",
"CRMS0248","2012","114.70","132.40",
"CRMS0248","2016","121.40","125.70",
"CRMS0248","2018","120.70","126.40",
"CRMS0248","2021","103.20","143.90",
"CRMS0251","2005","129.90","117.20",
"CRMS0251","2008","131.20","115.90",
"CRMS0251","2012","132.00","115.10",
"CRMS0251","2016","130.20","116.90",
"CRMS0251","2018","113.60","133.50",
"CRMS0251","2021","111.80","135.30",
"CRMS0253","2005","114.00","133.10",
"CRMS0253","2008","107.20","139.90",
"CRMS0253","2012","110.10","137.00",
"CRMS0253","2016","96.30","150.80",
"CRMS0253","2018","90.70","156.40",
"CRMS0253","2021","64.80","182.30",
"CRMS0258","2005","45.70","201.40",
"CRMS0258","2008","43.50","203.60",
"CRMS0258","2012","36.50","210.60",
"CRMS0258","2016","36.70","210.40",
"CRMS0258","2018","29.90","217.20",
"CRMS0258","2021","24.80","222.30",
"CRMS0260","2005","147.90","99.20",
"CRMS0260","2008","145.90","101.20",
"CRMS0260","2012","130.60","116.50",
"CRMS0260","2016","131.10","116.00",
"CRMS0260","2018","124.20","122.90",
"CRMS0260","2021","99.20","147.90",
"CRMS0261","2005","164.20","82.90",
"CRMS0261","2008","167.80","79.30",
"CRMS0261","2012","165.80","81.30",
"CRMS0261","2016","178.10","69.00",
"CRMS0261","2018","161.80","85.30",
"CRMS0261","2021","98.10","149.00",
"CRMS0263","2005","149.50","97.60",
"CRMS0263","2008","146.00","101.10",
"CRMS0263","2012","141.80","105.30",
"CRMS0263","2016","143.80","103.30",
"CRMS0263","2018","128.30","118.80",
"CRMS0263","2021","107.90","139.20",
"CRMS0268","2005","229.30","17.80",
"CRMS0268","2008","233.80","13.30",
"CRMS0268","2012","235.10","12.00",
"CRMS0268","2016","232.60","14.50",
"CRMS0268","2018","230.80","16.30",
"CRMS0268","2021","229.50","17.60",
"CRMS0272","2005","55.80","191.30",
"CRMS0272","2008","54.50","192.60",
"CRMS0272","2012","53.60","193.50",
"CRMS0272","2016","47.50","199.60",
"CRMS0272","2018","43.40","203.70",
"CRMS0272","2021","36.70","210.40",
"CRMS0273","2005","235.10","12.00",
"CRMS0273","2008","237.10","10.00",
"CRMS0273","2012","240.80","6.30",
"CRMS0273","2016","238.40","8.70",
"CRMS0273","2018","237.80","9.30",
"CRMS0273","2021","237.80","9.30",
"CRMS0276","2005","113.10","134.00",
"CRMS0276","2008","115.00","132.10",
"CRMS0276","2012","89.50","157.60",
"CRMS0276","2016","113.30","133.80",
"CRMS0276","2018","105.20","141.90",
"CRMS0276","2021","80.10","167.00",
"CRMS0278","2005","175.30","71.80",
"CRMS0278","2008","176.20","70.90",
"CRMS0278","2012","168.20","78.90",
"CRMS0278","2016","163.10","84.00",
"CRMS0278","2018","156.00","91.10",
"CRMS0278","2021","141.90","105.20",
"CRMS0282","2005","209.00","38.20",
"CRMS0282","2008","204.00","43.10",
"CRMS0282","2012","204.00","43.10",
"CRMS0282","2016","205.90","41.20",
"CRMS0282","2018","201.30","45.80",
"CRMS0282","2021","190.00","57.10",
"CRMS0287","2005","186.90","60.20",
"CRMS0287","2008","187.00","60.10",
"CRMS0287","2012","183.00","64.10",
"CRMS0287","2016","204.10","43.00",
"CRMS0287","2018","192.80","54.30",
"CRMS0287","2021","134.70","112.40",
"CRMS0290","2005","213.00","34.10",
"CRMS0290","2008","214.90","32.20",
"CRMS0290","2012","216.30","30.80",
"CRMS0290","2016","223.50","23.60",
"CRMS0290","2018","216.20","30.90",
"CRMS0290","2021","208.90","38.20",
"CRMS0292","2005","180.60","66.50",
"CRMS0292","2008","150.30","96.80",
"CRMS0292","2012","151.30","95.80",
"CRMS0292","2016","151.20","95.90",
"CRMS0292","2018","150.30","96.80",
"CRMS0292","2021","151.20","95.90",
"CRMS0293","2005","220.90","26.20",
"CRMS0293","2008","217.60","29.50",
"CRMS0293","2012","216.70","30.40",
"CRMS0293","2016","221.70","25.40",
"CRMS0293","2018","218.80","28.30",
"CRMS0293","2021","216.90","30.20",
"CRMS0294","2005","214.40","32.70",
"CRMS0294","2008","209.10","38.00",
"CRMS0294","2012","213.10","34.00",
"CRMS0294","2016","210.20","36.90",
"CRMS0294","2018","210.20","36.90",
"CRMS0294","2021","207.00","40.10",
"CRMS0296","2005","214.00","33.10",
"CRMS0296","2008","204.10","43.00",
"CRMS0296","2012","230.40","16.70",
"CRMS0296","2016","231.00","16.10",
"CRMS0296","2018","225.20","21.90",
"CRMS0296","2021","209.70","37.40",
"CRMS0301","2005","193.70","53.40",
"CRMS0301","2008","189.40","57.70",
"CRMS0301","2012","209.40","37.70",
"CRMS0301","2016","222.40","24.70",
"CRMS0301","2018","217.40","29.70",
"CRMS0301","2021","192.00","55.10",
"CRMS0302","2005","63.10","184.00",
"CRMS0302","2008","58.00","189.10",
"CRMS0302","2012","53.40","193.70",
"CRMS0302","2016","48.50","198.60",
"CRMS0302","2018","46.30","200.80",
"CRMS0302","2021","40.90","206.20",
"CRMS0303","2005","225.60","21.50",
"CRMS0303","2008","226.80","20.40",
"CRMS0303","2012","229.20","17.90",
"CRMS0303","2016","232.10","15.00",
"CRMS0303","2018","230.60","16.50",
"CRMS0303","2021","229.30","17.80",
"CRMS0305","2005","160.50","86.60",
"CRMS0305","2008","159.30","87.80",
"CRMS0305","2012","159.70","87.40",
"CRMS0305","2016","155.60","91.50",
"CRMS0305","2018","150.90","96.20",
"CRMS0305","2021","144.50","102.60",
"CRMS0307","2005","185.20","61.90",
"CRMS0307","2008","184.90","62.20",
"CRMS0307","2012","185.80","61.30",
"CRMS0307","2016","187.20","59.90",
"CRMS0307","2018","184.50","62.60",
"CRMS0307","2021","181.10","66.00",
"CRMS0309","2005","208.20","38.90",
"CRMS0309","2008","204.90","42.20",
"CRMS0309","2012","202.70","44.40",
"CRMS0309","2016","209.50","37.60",
"CRMS0309","2018","206.10","41.00",
"CRMS0309","2021","205.40","41.70",
"CRMS0310","2005","176.60","70.50",
"CRMS0310","2008","176.10","71.00",
"CRMS0310","2012","169.50","77.60",
"CRMS0310","2016","172.20","74.90",
"CRMS0310","2018","158.80","88.30",
"CRMS0310","2021","158.50","88.60",
"CRMS0311","2005","136.20","111.00",
"CRMS0311","2008","143.00","104.10",
"CRMS0311","2012","134.70","112.40",
"CRMS0311","2016","136.30","110.80",
"CRMS0311","2018","125.60","121.50",
"CRMS0311","2021","124.50","122.60",
"CRMS0312","2005","224.90","22.20",
"CRMS0312","2008","219.20","27.90",
"CRMS0312","2012","219.10","28.00",
"CRMS0312","2016","217.00","30.10",
"CRMS0312","2018","211.00","36.10",
"CRMS0312","2021","180.40","66.70",
"CRMS0315","2005","85.40","161.70",
"CRMS0315","2008","80.40","166.70",
"CRMS0315","2012","76.40","170.70",
"CRMS0315","2016","80.00","167.10",
"CRMS0315","2018","75.50","171.60",
"CRMS0315","2021","71.00","176.10",
"CRMS0318","2005","143.70","103.40",
"CRMS0318","2008","145.20","101.90",
"CRMS0318","2012","122.90","124.20",
"CRMS0318","2016","123.70","123.40",
"CRMS0318","2018","116.90","130.20",
"CRMS0318","2021","113.00","134.10",
"CRMS0319","2005","133.40","113.70",
"CRMS0319","2008","131.70","115.40",
"CRMS0319","2012","128.00","119.10",
"CRMS0319","2016","122.20","124.90",
"CRMS0319","2018","114.30","132.80",
"CRMS0319","2021","108.60","138.50",
"CRMS0322","2005","176.80","70.30",
"CRMS0322","2008","174.20","73.00",
"CRMS0322","2012","174.00","73.10",
"CRMS0322","2016","169.20","77.90",
"CRMS0322","2018","162.80","84.30",
"CRMS0322","2021","164.20","82.90",
"CRMS0324","2005","233.30","13.80",
"CRMS0324","2008","234.60","12.50",
"CRMS0324","2012","232.50","14.60",
"CRMS0324","2016","235.00","12.10",
"CRMS0324","2018","232.80","14.30",
"CRMS0324","2021","232.20","14.90",
"CRMS0326","2005","126.10","121.00",
"CRMS0326","2008","122.70","124.40",
"CRMS0326","2012","125.50","121.60",
"CRMS0326","2016","125.30","121.80",
"CRMS0326","2018","123.90","123.20",
"CRMS0326","2021","122.80","124.30",
"CRMS0327","2005","159.40","87.70",
"CRMS0327","2008","148.60","98.50",
"CRMS0327","2012","147.20","99.90",
"CRMS0327","2016","152.60","94.50",
"CRMS0327","2018","149.10","98.00",
"CRMS0327","2021","143.50","103.60",
"CRMS0329","2005","99.90","147.20",
"CRMS0329","2008","67.90","179.20",
"CRMS0329","2012","52.70","194.40",
"CRMS0329","2016","67.00","180.10",
"CRMS0329","2018","53.80","193.30",
"CRMS0329","2021","43.00","204.10",
"CRMS0331","2005","242.70","4.40",
"CRMS0331","2008","242.90","4.20",
"CRMS0331","2012","242.30","4.90",
"CRMS0331","2016","243.00","4.10",
"CRMS0331","2018","242.20","4.90",
"CRMS0331","2021","240.40","6.70",
"CRMS0332","2005","166.40","80.70",
"CRMS0332","2008","162.10","85.00",
"CRMS0332","2012","168.20","79.00",
"CRMS0332","2016","165.30","81.80",
"CRMS0332","2018","166.70","80.40",
"CRMS0332","2021","165.70","81.40",
"CRMS0335","2005","166.90","80.20",
"CRMS0335","2008","164.70","82.50",
"CRMS0335","2012","161.20","85.90",
"CRMS0335","2016","158.20","88.90",
"CRMS0335","2018","155.30","91.80",
"CRMS0335","2021","152.30","94.80",
"CRMS0336","2005","174.10","73.00",
"CRMS0336","2008","175.00","72.10",
"CRMS0336","2012","163.30","83.80",
"CRMS0336","2016","158.20","88.90",
"CRMS0336","2018","148.00","99.10",
"CRMS0336","2021","140.90","106.20",
"CRMS0337","2005","98.20","148.90",
"CRMS0337","2008","96.20","150.90",
"CRMS0337","2012","85.20","161.90",
"CRMS0337","2016","85.60","161.50",
"CRMS0337","2018","81.10","166.00",
"CRMS0337","2021","72.40","174.70",
"CRMS0338","2005","182.50","64.60",
"CRMS0338","2008","181.10","66.00",
"CRMS0338","2012","175.30","71.80",
"CRMS0338","2016","176.80","70.30",
"CRMS0338","2018","165.20","81.90",
"CRMS0338","2021","154.50","92.60",
"CRMS0341","2005","54.60","192.50",
"CRMS0341","2008","45.60","201.60",
"CRMS0341","2012","35.90","211.20",
"CRMS0341","2016","28.80","218.30",
"CRMS0341","2018","28.00","219.10",
"CRMS0341","2021","14.80","232.30",
"CRMS0345","2005","72.60","174.50",
"CRMS0345","2008","70.70","176.50",
"CRMS0345","2012","75.00","172.10",
"CRMS0345","2016","63.10","184.00",
"CRMS0345","2018","54.80","192.30",
"CRMS0345","2021","55.30","191.80",
"CRMS0347","2005","24.30","222.80",
"CRMS0347","2008","23.60","223.50",
"CRMS0347","2012","23.00","224.10",
"CRMS0347","2016","16.20","230.90",
"CRMS0347","2018","13.20","233.90",
"CRMS0347","2021","11.40","235.70",
"CRMS0354","2005","117.90","129.20",
"CRMS0354","2008","102.40","144.70",
"CRMS0354","2012","138.40","108.70",
"CRMS0354","2016","123.90","123.20",
"CRMS0354","2018","126.30","120.80",
"CRMS0354","2021","129.70","117.40",
"CRMS0355","2005","15.90","231.20",
"CRMS0355","2008","13.80","233.30",
"CRMS0355","2012","8.90","238.20",
"CRMS0355","2016","5.00","242.10",
"CRMS0355","2018","2.80","244.30",
"CRMS0355","2021","0.40","246.70",
"CRMS0365","2005","156.40","90.70",
"CRMS0365","2008","161.70","85.40",
"CRMS0365","2012","170.50","76.60",
"CRMS0365","2016","167.60","79.50",
"CRMS0365","2018","165.70","81.40",
"CRMS0365","2021","161.70","85.40",
"CRMS0367","2005","161.90","85.20",
"CRMS0367","2008","155.80","91.30",
"CRMS0367","2012","153.20","93.90",
"CRMS0367","2016","157.00","90.10",
"CRMS0367","2018","154.40","92.70",
"CRMS0367","2021","149.70","97.40",
"CRMS0369","2005","155.50","91.60",
"CRMS0369","2008","154.50","92.60",
"CRMS0369","2012","155.60","91.50",
"CRMS0369","2016","157.60","89.50",
"CRMS0369","2018","172.50","74.60",
"CRMS0369","2021","199.30","47.80",
"CRMS0371","2005","170.40","76.70",
"CRMS0371","2008","177.20","69.90",
"CRMS0371","2012","172.10","75.10",
"CRMS0371","2016","180.50","66.60",
"CRMS0371","2018","173.50","73.60",
"CRMS0371","2021","169.40","77.70",
"CRMS0374","2005","119.00","128.10",
"CRMS0374","2008","111.80","135.30",
"CRMS0374","2012","104.80","142.30",
"CRMS0374","2016","100.10","147.00",
"CRMS0374","2018","96.90","150.20",
"CRMS0374","2021","89.50","157.60",
"CRMS0376","2005","72.50","174.60",
"CRMS0376","2008","71.10","176.00",
"CRMS0376","2012","69.50","177.60",
"CRMS0376","2016","52.90","194.20",
"CRMS0376","2018","53.40","193.70",
"CRMS0376","2021","46.00","201.10",
"CRMS0377","2005","114.70","132.40",
"CRMS0377","2008","112.70","134.40",
"CRMS0377","2012","112.10","135.00",
"CRMS0377","2016","111.00","136.10",
"CRMS0377","2018","109.30","137.80",
"CRMS0377","2021","107.70","139.40",
"CRMS0381","2005","221.50","25.60",
"CRMS0381","2008","240.50","6.60",
"CRMS0381","2012","246.20","0.90",
"CRMS0381","2016","243.70","3.40",
"CRMS0381","2018","241.60","5.50",
"CRMS0381","2021","241.40","5.70",
"CRMS0382","2005","232.80","14.30",
"CRMS0382","2008","235.20","11.90",
"CRMS0382","2012","239.70","7.50",
"CRMS0382","2016","240.60","6.50",
"CRMS0382","2018","238.30","8.80",
"CRMS0382","2021","237.30","9.80",
"CRMS0383","2005","116.50","130.60",
"CRMS0383","2008","113.90","133.20",
"CRMS0383","2012","112.00","135.10",
"CRMS0383","2016","106.40","140.70",
"CRMS0383","2018","106.00","141.10",
"CRMS0383","2021","104.60","142.50",
"CRMS0385","2005","184.60","62.50",
"CRMS0385","2008","184.70","62.40",
"CRMS0385","2012","184.40","62.70",
"CRMS0385","2016","183.50","63.60",
"CRMS0385","2018","182.70","64.40",
"CRMS0385","2021","181.70","65.40",
"CRMS0386","2005","93.90","153.20",
"CRMS0386","2008","92.10","155.00",
"CRMS0386","2012","98.60","148.50",
"CRMS0386","2016","86.50","160.60",
"CRMS0386","2018","71.80","175.30",
"CRMS0386","2021","10.50","236.60",
"CRMS0387","2005","113.50","133.60",
"CRMS0387","2008","107.50","139.60",
"CRMS0387","2012","118.90","128.30",
"CRMS0387","2016","112.00","135.10",
"CRMS0387","2018","98.00","149.10",
"CRMS0387","2021","42.30","204.80",
"CRMS0390","2005","46.80","200.40",
"CRMS0390","2008","43.30","203.80",
"CRMS0390","2012","35.50","211.60",
"CRMS0390","2016","28.50","218.60",
"CRMS0390","2018","22.10","225.00",
"CRMS0390","2021","22.90","224.20",
"CRMS0392","2005","121.50","125.60",
"CRMS0392","2008","92.50","154.60",
"CRMS0392","2012","91.80","155.30",
"CRMS0392","2016","73.00","174.10",
"CRMS0392","2018","58.70","188.40",
"CRMS0392","2021","44.80","202.30",
"CRMS0394","2005","186.50","60.60",
"CRMS0394","2008","178.90","68.20",
"CRMS0394","2012","184.00","63.20",
"CRMS0394","2016","187.60","59.50",
"CRMS0394","2018","181.30","65.80",
"CRMS0394","2021","173.10","74.00",
"CRMS0395","2005","76.60","170.50",
"CRMS0395","2008","75.90","171.30",
"CRMS0395","2012","83.00","164.10",
"CRMS0395","2016","96.00","151.10",
"CRMS0395","2018","99.30","147.80",
"CRMS0395","2021","96.30","150.80",
"CRMS0396","2005","92.60","154.50",
"CRMS0396","2008","88.50","158.60",
"CRMS0396","2012","95.70","151.40",
"CRMS0396","2016","96.50","150.60",
"CRMS0396","2018","95.30","151.80",
"CRMS0396","2021","89.20","157.90",
"CRMS0397","2005","98.30","148.80",
"CRMS0397","2008","88.40","158.70",
"CRMS0397","2012","85.90","161.20",
"CRMS0397","2016","88.40","158.70",
"CRMS0397","2018","76.00","171.10",
"CRMS0397","2021","24.50","222.60",
"CRMS0398","2005","112.20","134.90",
"CRMS0398","2008","110.20","136.90",
"CRMS0398","2012","115.10","132.00",
"CRMS0398","2016","119.30","127.80",
"CRMS0398","2018","121.60","125.50",
"CRMS0398","2021","117.50","129.60",
"CRMS0399","2005","182.10","65.00",
"CRMS0399","2008","185.00","62.10",
"CRMS0399","2012","190.20","56.90",
"CRMS0399","2016","188.70","58.40",
"CRMS0399","2018","186.10","61.00",
"CRMS0399","2021","185.60","61.50",
"CRMS0400","2005","189.20","58.00",
"CRMS0400","2008","185.70","61.40",
"CRMS0400","2012","187.30","59.80",
"CRMS0400","2016","201.90","45.20",
"CRMS0400","2018","188.00","59.10",
"CRMS0400","2021","189.30","57.80",
"CRMS0403","2005","240.90","6.20",
"CRMS0403","2008","239.30","7.80",
"CRMS0403","2012","241.40","5.70",
"CRMS0403","2016","242.10","5.00",
"CRMS0403","2018","241.20","5.90",
"CRMS0403","2021","240.40","6.70",
"CRMS0409","2005","236.30","10.80",
"CRMS0409","2008","237.50","9.60",
"CRMS0409","2012","238.60","8.50",
"CRMS0409","2016","238.50","8.60",
"CRMS0409","2018","238.10","9.00",
"CRMS0409","2021","237.10","10.00",
"CRMS0411","2005","227.30","19.80",
"CRMS0411","2008","223.70","23.40",
"CRMS0411","2012","236.50","10.60",
"CRMS0411","2016","219.50","27.60",
"CRMS0411","2018","216.70","30.40",
"CRMS0411","2021","214.60","32.50",
"CRMS0414","2005","247.10","0.00",
"CRMS0414","2008","247.10","0.00",
"CRMS0414","2012","247.10","0.00",
"CRMS0414","2016","246.50","0.60",
"CRMS0414","2018","246.20","0.90",
"CRMS0414","2021","246.10","1.00",
"CRMS0416","2005","127.60","119.50",
"CRMS0416","2008","126.60","120.50",
"CRMS0416","2012","136.20","110.90",
"CRMS0416","2016","136.20","110.90",
"CRMS0416","2018","123.90","123.20",
"CRMS0416","2021","116.80","130.30",
"CRMS0421","2005","153.90","93.20",
"CRMS0421","2008","146.20","100.90",
"CRMS0421","2012","145.10","102.00",
"CRMS0421","2016","142.50","104.60",
"CRMS0421","2018","134.50","112.60",
"CRMS0421","2021","130.80","116.30",
"CRMS0434","2005","148.60","98.50",
"CRMS0434","2008","148.70","98.40",
"CRMS0434","2012","146.30","100.80",
"CRMS0434","2016","146.70","100.40",
"CRMS0434","2018","145.20","101.90",
"CRMS0434","2021","139.70","107.40",
"CRMS0461","2005","225.00","22.10",
"CRMS0461","2008","225.30","21.80",
"CRMS0461","2012","227.20","19.90",
"CRMS0461","2016","230.40","16.70",
"CRMS0461","2018","226.80","20.30",
"CRMS0461","2021","223.50","23.60",
"CRMS0463","2005","146.80","100.40",
"CRMS0463","2008","157.70","89.40",
"CRMS0463","2012","141.30","105.80",
"CRMS0463","2016","166.40","80.70",
"CRMS0463","2018","156.50","90.60",
"CRMS0463","2021","152.40","94.70",
"CRMS0464","2005","174.50","72.60",
"CRMS0464","2008","177.80","69.30",
"CRMS0464","2012","177.50","69.60",
"CRMS0464","2016","187.30","59.80",
"CRMS0464","2018","181.30","65.80",
"CRMS0464","2021","177.40","69.70",
"CRMS0465","2005","192.00","55.10",
"CRMS0465","2008","199.50","47.60",
"CRMS0465","2012","196.50","50.60",
"CRMS0465","2016","211.60","35.50",
"CRMS0465","2018","202.60","44.50",
"CRMS0465","2021","199.40","47.70",
"CRMS0479","2005","43.40","203.70",
"CRMS0479","2008","45.50","201.60",
"CRMS0479","2012","48.90","198.20",
"CRMS0479","2016","59.00","188.10",
"CRMS0479","2018","69.10","178.00",
"CRMS0479","2021","54.60","192.50",
"CRMS0482","2005","213.00","34.10",
"CRMS0482","2008","209.90","37.20",
"CRMS0482","2012","210.00","37.20",
"CRMS0482","2016","211.80","35.30",
"CRMS0482","2018","208.50","38.60",
"CRMS0482","2021","202.10","45.00",
"CRMS0488","2005","203.30","43.80",
"CRMS0488","2008","203.20","43.90",
"CRMS0488","2012","202.30","44.80",
"CRMS0488","2015","205.30","41.80",
"CRMS0488","2018","202.70","44.40",
"CRMS0488","2021","202.40","44.70",
"CRMS0489","2005","98.70","148.40",
"CRMS0489","2008","99.30","147.80",
"CRMS0489","2012","97.10","150.00",
"CRMS0489","2015","97.10","150.00",
"CRMS0489","2018","93.80","153.30",
"CRMS0489","2021","91.40","155.70",
"CRMS0490","2005","247.00","0.10",
"CRMS0490","2008","246.90","0.20",
"CRMS0490","2012","246.40","0.70",
"CRMS0490","2015","246.30","0.80",
"CRMS0490","2018","246.10","1.00",
"CRMS0490","2021","243.00","4.10",
"CRMS0493","2005","195.10","52.00",
"CRMS0493","2008","192.40","54.70",
"CRMS0493","2012","193.50","53.60",
"CRMS0493","2016","191.50","55.60",
"CRMS0493","2018","190.10","57.00",
"CRMS0493","2021","179.40","67.70",
"CRMS0494","2005","228.80","18.30",
"CRMS0494","2008","231.90","15.20",
"CRMS0494","2012","229.50","17.60",
"CRMS0494","2016","234.70","12.40",
"CRMS0494","2018","229.80","17.30",
"CRMS0494","2021","221.90","25.20",
"CRMS0496","2005","233.80","13.30",
"CRMS0496","2008","231.60","15.50",
"CRMS0496","2012","232.40","14.70",
"CRMS0496","2015","235.50","11.60",
"CRMS0496","2018","233.70","13.40",
"CRMS0496","2021","233.60","13.50",
"CRMS0498","2005","140.30","106.80",
"CRMS0498","2008","140.50","106.60",
"CRMS0498","2012","139.10","108.00",
"CRMS0498","2015","138.10","109.00",
"CRMS0498","2018","135.10","112.00",
"CRMS0498","2021","135.00","112.10",
"CRMS0499","2005","137.90","109.20",
"CRMS0499","2008","128.30","118.80",
"CRMS0499","2012","140.60","106.50",
"CRMS0499","2015","138.20","108.90",
"CRMS0499","2018","133.20","113.90",
"CRMS0499","2021","126.50","120.60",
"CRMS0501","2005","127.00","120.10",
"CRMS0501","2008","123.70","123.40",
"CRMS0501","2012","125.60","121.60",
"CRMS0501","2015","116.60","130.50",
"CRMS0501","2018","108.60","138.50",
"CRMS0501","2021","108.70","138.40",
"CRMS0504","2005","207.10","40.10",
"CRMS0504","2008","203.90","43.20",
"CRMS0504","2012","208.20","38.90",
"CRMS0504","2015","204.80","42.30",
"CRMS0504","2018","202.20","44.90",
"CRMS0504","2021","195.70","51.40",
"CRMS0507","2005","191.40","55.70",
"CRMS0507","2008","192.40","54.70",
"CRMS0507","2012","198.90","48.20",
"CRMS0507","2015","203.90","43.20",
"CRMS0507","2018","209.30","37.80",
"CRMS0507","2021","207.10","40.00",
"CRMS0508","2005","239.90","7.20",
"CRMS0508","2008","213.00","34.10",
"CRMS0508","2012","228.50","18.60",
"CRMS0508","2015","228.90","18.20",
"CRMS0508","2018","233.60","13.50",
"CRMS0508","2021","221.20","25.90",
"CRMS0511","2005","201.00","46.10",
"CRMS0511","2008","140.20","106.90",
"CRMS0511","2012","87.70","159.40",
"CRMS0511","2015","99.50","147.70",
"CRMS0511","2018","101.00","146.10",
"CRMS0511","2021","82.00","165.10",
"CRMS0513","2005","244.20","2.90",
"CRMS0513","2008","244.10","3.00",
"CRMS0513","2012","244.50","2.60",
"CRMS0513","2015","244.60","2.50",
"CRMS0513","2018","244.60","2.50",
"CRMS0513","2021","245.30","1.80",
"CRMS0514","2005","242.50","4.60",
"CRMS0514","2008","242.50","4.60",
"CRMS0514","2012","243.40","3.70",
"CRMS0514","2016","243.50","3.60",
"CRMS0514","2018","243.40","3.70",
"CRMS0514","2021","242.40","4.70",
"CRMS0517","2005","182.00","65.10",
"CRMS0517","2008","188.40","58.70",
"CRMS0517","2012","190.50","56.60",
"CRMS0517","2015","189.60","57.50",
"CRMS0517","2018","182.90","64.20",
"CRMS0517","2021","171.10","76.00",
"CRMS0520","2005","177.80","69.30",
"CRMS0520","2008","176.50","70.60",
"CRMS0520","2012","171.30","75.80",
"CRMS0520","2015","175.60","71.50",
"CRMS0520","2018","174.30","72.80",
"CRMS0520","2021","170.60","76.50",
"CRMS0522","2005","159.00","88.10",
"CRMS0522","2008","146.90","100.20",
"CRMS0522","2012","154.20","92.90",
"CRMS0522","2016","149.70","97.40",
"CRMS0522","2018","147.90","99.20",
"CRMS0522","2021","141.10","106.00",
"CRMS0523","2005","123.70","123.40",
"CRMS0523","2008","123.40","123.70",
"CRMS0523","2012","117.30","129.80",
"CRMS0523","2016","115.80","131.30",
"CRMS0523","2018","113.20","133.90",
"CRMS0523","2021","107.00","140.10",
"CRMS0524","2005","172.90","74.30",
"CRMS0524","2008","171.30","75.80",
"CRMS0524","2012","171.70","75.40",
"CRMS0524","2016","169.60","77.50",
"CRMS0524","2018","168.70","78.40",
"CRMS0524","2021","166.00","81.10",
"CRMS0527","2005","91.00","156.10",
"CRMS0527","2008","91.90","155.20",
"CRMS0527","2012","89.20","157.90",
"CRMS0527","2015","89.80","157.30",
"CRMS0527","2018","87.40","159.70",
"CRMS0527","2021","83.20","163.90",
"CRMS0529","2005","190.60","56.50",
"CRMS0529","2008","189.70","57.40",
"CRMS0529","2012","188.70","58.40",
"CRMS0529","2015","186.90","60.20",
"CRMS0529","2018","182.50","64.60",
"CRMS0529","2021","179.80","67.30",
"CRMS0530","2005","212.80","34.30",
"CRMS0530","2008","215.20","31.90",
"CRMS0530","2012","207.00","40.10",
"CRMS0530","2015","220.60","26.50",
"CRMS0530","2018","218.30","28.80",
"CRMS0530","2021","219.00","28.10",
"CRMS0531","2005","231.50","15.60",
"CRMS0531","2008","228.10","19.00",
"CRMS0531","2012","234.00","13.10",
"CRMS0531","2015","234.90","12.20",
"CRMS0531","2018","233.10","14.00",
"CRMS0531","2021","188.80","58.30",
"CRMS0532","2005","131.60","115.50",
"CRMS0532","2008","131.00","116.10",
"CRMS0532","2012","128.90","118.20",
"CRMS0532","2015","128.50","118.60",
"CRMS0532","2018","125.20","121.90",
"CRMS0532","2021","93.50","153.60",
"CRMS0535","2005","229.30","17.80",
"CRMS0535","2008","225.10","22.00",
"CRMS0535","2012","228.20","18.90",
"CRMS0535","2015","227.20","20.00",
"CRMS0535","2018","225.80","21.30",
"CRMS0535","2021","219.10","28.00",
"CRMS0536","2005","154.10","93.00",
"CRMS0536","2008","172.90","74.20",
"CRMS0536","2012","197.70","49.40",
"CRMS0536","2015","216.60","30.50",
"CRMS0536","2018","233.70","13.40",
"CRMS0536","2021","210.90","36.20",
"CRMS0541","2005","97.50","149.60",
"CRMS0541","2008","96.50","150.60",
"CRMS0541","2012","95.20","151.90",
"CRMS0541","2015","94.10","153.00",
"CRMS0541","2018","94.00","153.10",
"CRMS0541","2021","92.50","154.60",
"CRMS0542","2005","244.50","2.60",
"CRMS0542","2008","244.00","3.10",
"CRMS0542","2012","243.70","3.40",
"CRMS0542","2015","244.40","2.70",
"CRMS0542","2018","244.20","2.90",
"CRMS0542","2021","244.30","2.80",
"CRMS0543","2005","158.40","88.70",
"CRMS0543","2008","161.20","85.90",
"CRMS0543","2012","164.20","82.90",
"CRMS0543","2015","164.80","82.30",
"CRMS0543","2018","163.20","83.90",
"CRMS0543","2021","161.10","86.00",
"CRMS0544","2005","221.10","26.00",
"CRMS0544","2008","222.60","24.50",
"CRMS0544","2012","224.70","22.40",
"CRMS0544","2015","226.30","20.80",
"CRMS0544","2018","225.90","21.20",
"CRMS0544","2021","220.00","27.10",
"CRMS0545","2005","216.40","30.70",
"CRMS0545","2008","216.60","30.50",
"CRMS0545","2012","219.30","27.80",
"CRMS0545","2015","220.40","26.70",
"CRMS0545","2018","218.40","28.70",
"CRMS0545","2021","204.10","43.00",
"CRMS0547","2005","241.80","5.30",
"CRMS0547","2008","243.00","4.10",
"CRMS0547","2012","242.50","4.60",
"CRMS0547","2016","242.70","4.40",
"CRMS0547","2018","243.20","3.90",
"CRMS0547","2021","244.40","2.70",
"CRMS0549","2005","209.80","37.30",
"CRMS0549","2008","210.50","36.60",
"CRMS0549","2012","210.20","36.90",
"CRMS0549","2015","211.10","36.00",
"CRMS0549","2018","207.60","39.50",
"CRMS0549","2021","193.00","54.10",
"CRMS0550","2005","223.30","23.80",
"CRMS0550","2008","223.40","23.70",
"CRMS0550","2012","225.60","21.50",
"CRMS0550","2016","229.20","17.90",
"CRMS0550","2018","226.90","20.20",
"CRMS0550","2021","224.80","22.30",
"CRMS0551","2005","222.20","24.90",
"CRMS0551","2008","224.70","22.40",
"CRMS0551","2012","222.80","24.30",
"CRMS0551","2015","226.10","21.00",
"CRMS0551","2018","223.70","23.40",
"CRMS0551","2021","221.00","26.10",
"CRMS0552","2005","195.70","51.40",
"CRMS0552","2008","195.80","51.30",
"CRMS0552","2012","196.50","50.60",
"CRMS0552","2015","201.00","46.10",
"CRMS0552","2018","197.00","50.10",
"CRMS0552","2021","173.70","73.40",
"CRMS0553","2005","221.40","25.70",
"CRMS0553","2008","217.20","29.90",
"CRMS0553","2012","228.10","19.00",
"CRMS0553","2015","226.50","20.60",
"CRMS0553","2018","219.50","27.60",
"CRMS0553","2021","160.80","86.30",
"CRMS0554","2005","160.80","86.30",
"CRMS0554","2008","157.80","89.30",
"CRMS0554","2012","158.60","88.50",
"CRMS0554","2015","159.80","87.30",
"CRMS0554","2018","158.90","88.20",
"CRMS0554","2021","157.20","89.90",
"CRMS0556","2005","220.40","26.70",
"CRMS0556","2008","214.10","33.00",
"CRMS0556","2012","220.10","27.00",
"CRMS0556","2015","194.20","52.90",
"CRMS0556","2018","209.90","37.20",
"CRMS0556","2021","211.50","35.60",
"CRMS0557","2005","150.10","97.00",
"CRMS0557","2008","150.50","96.60",
"CRMS0557","2012","180.70","66.40",
"CRMS0557","2015","180.80","66.30",
"CRMS0557","2018","166.60","80.50",
"CRMS0557","2021","161.10","86.00",
"CRMS0560","2005","166.00","81.20",
"CRMS0560","2008","168.80","78.30",
"CRMS0560","2012","179.70","67.40",
"CRMS0560","2015","184.90","62.20",
"CRMS0560","2018","184.00","63.10",
"CRMS0560","2021","182.90","64.20",
"CRMS0562","2005","196.20","51.00",
"CRMS0562","2008","195.90","51.20",
"CRMS0562","2012","205.70","41.40",
"CRMS0562","2015","217.20","29.90",
"CRMS0562","2018","211.10","36.00",
"CRMS0562","2021","166.70","80.40",
"CRMS0565","2005","246.50","0.60",
"CRMS0565","2008","245.60","1.50",
"CRMS0565","2012","245.60","1.50",
"CRMS0565","2015","238.50","8.60",
"CRMS0565","2018","238.50","8.60",
"CRMS0565","2021","233.60","13.50",
"CRMS0567","2005","209.20","37.90",
"CRMS0567","2008","238.10","9.00",
"CRMS0567","2012","193.10","54.00",
"CRMS0567","2015","202.30","44.80",
"CRMS0567","2018","205.60","41.50",
"CRMS0567","2021","206.30","40.80",
"CRMS0568","2005","217.40","29.70",
"CRMS0568","2008","218.50","28.60",
"CRMS0568","2012","218.10","29.00",
"CRMS0568","2015","217.20","30.00",
"CRMS0568","2018","216.20","30.90",
"CRMS0568","2021","210.70","36.40",
"CRMS0570","2005","174.70","72.40",
"CRMS0570","2008","182.80","64.30",
"CRMS0570","2012","189.20","57.90",
"CRMS0570","2015","187.80","59.30",
"CRMS0570","2018","160.80","86.30",
"CRMS0570","2021","135.90","111.20",
"CRMS0571","2005","232.20","14.90",
"CRMS0571","2008","220.40","26.70",
"CRMS0571","2012","224.10","23.00",
"CRMS0571","2015","228.80","18.30",
"CRMS0571","2018","227.50","19.60",
"CRMS0571","2021","222.50","24.60",
"CRMS0572","2005","245.60","1.50",
"CRMS0572","2008","232.90","14.20",
"CRMS0572","2012","243.60","3.60",
"CRMS0572","2015","243.60","3.50",
"CRMS0572","2018","244.30","2.80",
"CRMS0572","2021","241.50","5.60",
"CRMS0574","2005","205.00","42.10",
"CRMS0574","2008","197.10","50.00",
"CRMS0574","2012","204.40","42.70",
"CRMS0574","2015","204.90","42.20",
"CRMS0574","2018","201.50","45.60",
"CRMS0574","2021","200.30","46.80",
"CRMS0575","2005","199.90","47.20",
"CRMS0575","2008","156.60","90.50",
"CRMS0575","2012","194.30","52.80",
"CRMS0575","2015","220.20","26.90",
"CRMS0575","2018","176.90","70.20",
"CRMS0575","2021","123.30","123.80",
"CRMS0576","2005","213.00","34.10",
"CRMS0576","2008","210.20","36.90",
"CRMS0576","2012","215.50","31.60",
"CRMS0576","2015","216.10","31.00",
"CRMS0576","2018","217.30","29.80",
"CRMS0576","2021","211.00","36.10",
"CRMS0580","2005","134.10","113.00",
"CRMS0580","2008","132.60","114.50",
"CRMS0580","2012","142.60","104.50",
"CRMS0580","2015","136.50","110.60",
"CRMS0580","2018","135.60","111.50",
"CRMS0580","2021","130.30","116.80",
"CRMS0581","2005","175.80","71.30",
"CRMS0581","2008","171.80","75.30",
"CRMS0581","2012","169.40","77.80",
"CRMS0581","2015","171.50","75.60",
"CRMS0581","2018","165.50","81.60",
"CRMS0581","2021","146.00","101.10",
"CRMS0583","2005","208.80","38.30",
"CRMS0583","2008","207.00","40.10",
"CRMS0583","2012","214.70","32.40",
"CRMS0583","2015","219.50","27.70",
"CRMS0583","2018","217.50","29.60",
"CRMS0583","2021","205.40","41.70",
"CRMS0584","2005","178.10","69.00",
"CRMS0584","2008","182.00","65.10",
"CRMS0584","2012","187.10","60.00",
"CRMS0584","2015","187.90","59.20",
"CRMS0584","2018","187.70","59.40",
"CRMS0584","2021","185.80","61.30",
"CRMS0587","2005","245.00","2.10",
"CRMS0587","2008","242.60","4.50",
"CRMS0587","2012","242.70","4.40",
"CRMS0587","2015","243.40","3.70",
"CRMS0587","2018","232.80","14.30",
"CRMS0587","2021","227.70","19.40",
"CRMS0588","2005","188.10","59.00",
"CRMS0588","2008","183.30","63.80",
"CRMS0588","2012","190.70","56.40",
"CRMS0588","2015","189.90","57.20",
"CRMS0588","2018","189.60","57.50",
"CRMS0588","2021","169.00","78.10",
"CRMS0589","2005","243.80","3.30",
"CRMS0589","2008","242.50","4.60",
"CRMS0589","2012","244.60","2.60",
"CRMS0589","2015","244.50","2.60",
"CRMS0589","2018","243.10","4.00",
"CRMS0589","2021","240.90","6.20",
"CRMS0590","2005","145.70","101.40",
"CRMS0590","2008","141.10","106.00",
"CRMS0590","2012","145.70","101.40",
"CRMS0590","2015","144.30","102.80",
"CRMS0590","2018","143.90","103.20",
"CRMS0590","2021","130.70","116.40",
"CRMS0593","2005","181.80","65.30",
"CRMS0593","2008","170.70","76.40",
"CRMS0593","2012","180.60","66.50",
"CRMS0593","2015","180.30","66.80",
"CRMS0593","2018","182.60","64.50",
"CRMS0593","2021","170.10","77.00",
"CRMS0595","2005","208.90","38.20",
"CRMS0595","2008","208.70","38.40",
"CRMS0595","2012","211.20","35.90",
"CRMS0595","2015","210.90","36.20",
"CRMS0595","2018","209.70","37.40",
"CRMS0595","2021","197.90","49.20",
"CRMS0599","2005","224.30","22.80",
"CRMS0599","2008","224.90","22.20",
"CRMS0599","2012","227.90","19.20",
"CRMS0599","2015","222.80","24.30",
"CRMS0599","2018","220.70","26.40",
"CRMS0599","2021","219.60","27.50",
"CRMS0600","2005","232.50","14.60",
"CRMS0600","2008","224.90","22.20",
"CRMS0600","2012","216.80","30.30",
"CRMS0600","2015","203.30","43.80",
"CRMS0600","2018","196.20","50.90",
"CRMS0600","2021","199.00","48.10",
"CRMS0603","2005","223.60","23.50",
"CRMS0603","2008","219.00","28.10",
"CRMS0603","2012","215.10","32.00",
"CRMS0603","2015","219.70","27.40",
"CRMS0603","2018","218.30","28.80",
"CRMS0603","2021","190.00","57.10",
"CRMS0604","2005","228.60","18.50",
"CRMS0604","2008","224.10","23.00",
"CRMS0604","2012","232.60","14.50",
"CRMS0604","2015","232.70","14.40",
"CRMS0604","2018","230.10","17.00",
"CRMS0604","2021","185.10","62.00",
"CRMS0605","2005","87.60","159.50",
"CRMS0605","2008","102.10","145.00",
"CRMS0605","2012","132.40","114.70",
"CRMS0605","2015","142.80","104.30",
"CRMS0605","2018","117.10","130.00",
"CRMS0605","2021","103.30","143.80",
"CRMS0608","2005","196.50","50.60",
"CRMS0608","2008","205.40","41.70",
"CRMS0608","2012","217.20","29.90",
"CRMS0608","2015","234.40","12.70",
"CRMS0608","2018","235.00","12.10",
"CRMS0608","2021","190.50","56.60",
"CRMS0609","2005","178.20","68.90",
"CRMS0609","2008","178.60","68.50",
"CRMS0609","2012","183.70","63.40",
"CRMS0609","2015","178.70","68.40",
"CRMS0609","2018","169.60","77.50",
"CRMS0609","2021","166.80","80.30",
"CRMS0610","2005","234.80","12.30",
"CRMS0610","2008","236.80","10.30",
"CRMS0610","2012","239.30","7.80",
"CRMS0610","2015","239.70","7.40",
"CRMS0610","2018","239.10","8.00",
"CRMS0610","2021","205.90","41.20",
"CRMS0614","2005","53.50","193.60",
"CRMS0614","2008","43.10","204.00",
"CRMS0614","2012","44.40","202.70",
"CRMS0614","2015","34.70","212.40",
"CRMS0614","2018","27.70","219.40",
"CRMS0614","2021","13.60","233.50",
"CRMS0615","2005","160.50","86.60",
"CRMS0615","2008","162.10","85.00",
"CRMS0615","2012","164.50","82.60",
"CRMS0615","2015","167.70","79.40",
"CRMS0615","2018","165.20","81.90",
"CRMS0615","2021","143.80","103.30",
"CRMS0616","2005","237.20","9.90",
"CRMS0616","2008","166.60","80.50",
"CRMS0616","2012","210.20","36.90",
"CRMS0616","2015","209.50","37.60",
"CRMS0616","2018","205.60","41.50",
"CRMS0616","2021","206.90","40.20",
"CRMS0618","2005","230.00","17.20",
"CRMS0618","2008","219.80","27.30",
"CRMS0618","2012","228.20","19.00",
"CRMS0618","2015","231.10","16.00",
"CRMS0618","2018","228.50","18.60",
"CRMS0618","2021","228.30","18.80",
"CRMS0619","2005","206.20","40.90",
"CRMS0619","2008","181.70","65.40",
"CRMS0619","2012","183.50","63.60",
"CRMS0619","2015","198.70","48.40",
"CRMS0619","2018","203.80","43.30",
"CRMS0619","2021","193.10","54.00",
"CRMS0622","2005","245.20","1.90",
"CRMS0622","2008","245.70","1.40",
"CRMS0622","2012","245.60","1.50",
"CRMS0622","2015","244.70","2.40",
"CRMS0622","2018","242.30","4.80",
"CRMS0622","2021","240.60","6.50",
"CRMS0623","2005","108.40","138.70",
"CRMS0623","2008","104.60","142.50",
"CRMS0623","2012","103.10","144.00",
"CRMS0623","2015","104.00","143.10",
"CRMS0623","2018","102.20","144.90",
"CRMS0623","2021","89.60","157.50",
"CRMS0624","2005","236.00","11.10",
"CRMS0624","2008","241.30","5.80",
"CRMS0624","2012","242.60","4.50",
"CRMS0624","2015","243.90","3.20",
"CRMS0624","2018","242.30","4.80",
"CRMS0624","2021","234.40","12.70",
"CRMS0626","2005","242.20","4.90",
"CRMS0626","2008","242.60","4.50",
"CRMS0626","2012","243.90","3.20",
"CRMS0626","2015","244.10","3.00",
"CRMS0626","2018","243.40","3.70",
"CRMS0626","2021","243.20","3.90",
"CRMS0630","2005","135.60","111.50",
"CRMS0630","2008","179.80","67.30",
"CRMS0630","2012","118.30","128.80",
"CRMS0630","2015","74.30","172.80",
"CRMS0630","2018","118.80","128.30",
"CRMS0630","2021","186.10","61.00",
"CRMS0632","2005","129.30","117.90",
"CRMS0632","2008","136.20","110.90",
"CRMS0632","2012","143.80","103.30",
"CRMS0632","2015","144.40","102.70",
"CRMS0632","2018","142.40","104.70",
"CRMS0632","2021","114.30","132.80",
"CRMS0633","2005","210.50","36.60",
"CRMS0633","2008","208.70","38.40",
"CRMS0633","2012","216.50","30.60",
"CRMS0633","2015","219.90","27.20",
"CRMS0633","2018","221.80","25.30",
"CRMS0633","2021","183.40","63.70",
"CRMS0635","2005","222.50","24.60",
"CRMS0635","2008","221.20","25.90",
"CRMS0635","2012","227.00","20.10",
"CRMS0635","2015","228.40","18.70",
"CRMS0635","2018","217.00","30.10",
"CRMS0635","2021","223.00","24.10",
"CRMS0638","2005","168.70","78.40",
"CRMS0638","2008","153.00","94.10",
"CRMS0638","2012","155.80","91.40",
"CRMS0638","2015","159.50","87.60",
"CRMS0638","2018","157.30","89.80",
"CRMS0638","2021","156.30","90.80",
"CRMS0639","2005","247.00","0.10",
"CRMS0639","2008","243.50","3.60",
"CRMS0639","2012","246.80","0.30",
"CRMS0639","2015","245.90","1.20",
"CRMS0639","2018","244.50","2.60",
"CRMS0639","2021","244.80","2.30",
"CRMS0641","2005","94.40","152.70",
"CRMS0641","2008","45.60","201.50",
"CRMS0641","2012","51.20","195.90",
"CRMS0641","2015","49.30","197.80",
"CRMS0641","2018","46.40","200.70",
"CRMS0641","2021","46.80","200.30",
"CRMS0642","2005","246.60","0.50",
"CRMS0642","2008","239.50","7.60",
"CRMS0642","2012","244.50","2.60",
"CRMS0642","2015","246.00","1.10",
"CRMS0642","2018","246.10","1.00",
"CRMS0642","2021","235.80","11.30",
"CRMS0644","2005","150.90","96.30",
"CRMS0644","2008","151.30","95.80",
"CRMS0644","2012","146.20","100.90",
"CRMS0644","2015","119.60","127.50",
"CRMS0644","2018","103.60","143.50",
"CRMS0644","2021","119.80","127.30",
"CRMS0645","2005","108.60","138.50",
"CRMS0645","2008","123.40","123.70",
"CRMS0645","2012","76.50","170.60",
"CRMS0645","2015","74.20","172.90",
"CRMS0645","2018","72.20","174.90",
"CRMS0645","2021","57.10","190.00",
"CRMS0647","2005","247.10","0.00",
"CRMS0647","2008","233.40","13.70",
"CRMS0647","2012","237.40","9.70",
"CRMS0647","2015","244.70","2.40",
"CRMS0647","2018","244.10","3.00",
"CRMS0647","2021","237.40","9.70",
"CRMS0648","2005","132.60","114.50",
"CRMS0648","2008","126.40","120.70",
"CRMS0648","2012","134.60","112.50",
"CRMS0648","2015","136.80","110.30",
"CRMS0648","2018","133.30","113.80",
"CRMS0648","2021","92.40","154.70",
"CRMS0650","2005","243.40","3.70",
"CRMS0650","2008","239.60","7.50",
"CRMS0650","2012","241.70","5.40",
"CRMS0650","2015","242.40","4.70",
"CRMS0650","2018","242.00","5.10",
"CRMS0650","2021","242.50","4.60",
"CRMS0651","2005","173.70","73.40",
"CRMS0651","2008","167.50","79.60",
"CRMS0651","2012","168.90","78.20",
"CRMS0651","2015","178.20","68.90",
"CRMS0651","2018","178.50","68.60",
"CRMS0651","2021","188.70","58.40",
"CRMS0655","2005","151.90","95.30",
"CRMS0655","2008","141.80","105.40",
"CRMS0655","2012","126.40","120.70",
"CRMS0655","2015","123.10","124.00",
"CRMS0655","2018","81.70","165.40",
"CRMS0655","2021","65.30","181.80",
"CRMS0656","2005","217.80","29.30",
"CRMS0656","2008","213.10","34.00",
"CRMS0656","2012","214.80","32.30",
"CRMS0656","2015","207.40","39.70",
"CRMS0656","2018","204.30","42.80",
"CRMS0656","2021","207.70","39.40",
"CRMS0658","2005","137.20","109.90",
"CRMS0658","2008","142.00","105.10",
"CRMS0658","2012","144.60","102.50",
"CRMS0658","2015","145.60","101.50",
"CRMS0658","2018","142.60","104.50",
"CRMS0658","2021","146.00","101.10",
"CRMS0660","2005","130.80","116.30",
"CRMS0660","2008","120.10","127.00",
"CRMS0660","2012","128.80","118.30",
"CRMS0660","2015","127.20","119.90",
"CRMS0660","2018","128.90","118.20",
"CRMS0660","2021","132.60","114.50",
"CRMS0661","2005","140.10","107.00",
"CRMS0661","2008","80.30","166.80",
"CRMS0661","2012","79.80","167.30",
"CRMS0661","2015","81.40","165.70",
"CRMS0661","2018","84.10","163.00",
"CRMS0661","2021","79.90","167.20",
"CRMS0662","2005","78.70","168.40",
"CRMS0662","2008","82.00","165.10",
"CRMS0662","2012","73.50","173.60",
"CRMS0662","2015","77.70","169.40",
"CRMS0662","2018","81.50","165.60",
"CRMS0662","2021","78.20","168.90",
"CRMS0663","2005","71.00","176.10",
"CRMS0663","2008","67.80","179.30",
"CRMS0663","2012","72.40","174.70",
"CRMS0663","2015","66.90","180.20",
"CRMS0663","2018","63.60","183.50",
"CRMS0663","2021","61.60","185.50",
"CRMS0665","2005","218.00","29.10",
"CRMS0665","2008","220.30","26.80",
"CRMS0665","2012","211.30","35.80",
"CRMS0665","2015","211.50","35.60",
"CRMS0665","2018","207.20","39.90",
"CRMS0665","2021","202.90","44.20",
"CRMS0669","2005","182.00","65.10",
"CRMS0669","2008","172.90","74.20",
"CRMS0669","2012","174.10","73.00",
"CRMS0669","2015","173.00","74.10",
"CRMS0669","2018","171.80","75.30",
"CRMS0669","2021","165.10","82.00",
"CRMS0672","2005","140.80","106.30",
"CRMS0672","2008","134.00","113.10",
"CRMS0672","2012","144.00","103.10",
"CRMS0672","2015","138.30","108.80",
"CRMS0672","2018","43.50","203.60",
"CRMS0672","2021","19.90","227.20",
"CRMS0677","2005","245.10","2.10",
"CRMS0677","2008","218.00","29.10",
"CRMS0677","2012","234.70","12.40",
"CRMS0677","2015","245.80","1.30",
"CRMS0677","2018","242.30","4.80",
"CRMS0677","2021","244.10","3.00",
"CRMS0680","2005","241.50","5.70",
"CRMS0680","2008","242.30","4.80",
"CRMS0680","2012","244.00","3.10",
"CRMS0680","2015","243.90","3.20",
"CRMS0680","2018","243.90","3.20",
"CRMS0680","2021","237.20","9.90",
"CRMS0682","2005","234.80","12.30",
"CRMS0682","2008","237.90","9.20",
"CRMS0682","2012","234.70","12.40",
"CRMS0682","2015","241.90","5.20",
"CRMS0682","2018","227.70","19.40",
"CRMS0682","2021","220.90","26.20",
"CRMS0683","2005","177.40","69.70",
"CRMS0683","2008","146.90","100.20",
"CRMS0683","2012","158.00","89.10",
"CRMS0683","2015","158.70","88.40",
"CRMS0683","2018","162.10","85.00",
"CRMS0683","2021","165.60","81.50",
"CRMS0684","2005","191.90","55.20",
"CRMS0684","2008","181.20","65.90",
"CRMS0684","2012","188.50","58.60",
"CRMS0684","2015","172.80","74.40",
"CRMS0684","2018","165.40","81.70",
"CRMS0684","2021","170.20","76.90",
"CRMS0685","2005","180.20","66.90",
"CRMS0685","2008","177.50","69.60",
"CRMS0685","2012","186.10","61.00",
"CRMS0685","2015","185.80","61.30",
"CRMS0685","2018","181.10","66.00",
"CRMS0685","2021","179.90","67.20",
"CRMS0687","2005","117.30","129.80",
"CRMS0687","2008","117.20","129.90",
"CRMS0687","2012","117.90","129.20",
"CRMS0687","2015","116.80","130.30",
"CRMS0687","2018","113.30","133.80",
"CRMS0687","2021","113.10","134.00",
"CRMS0691","2005","234.20","12.90",
"CRMS0691","2008","232.40","14.70",
"CRMS0691","2012","242.00","5.10",
"CRMS0691","2015","236.50","10.60",
"CRMS0691","2018","234.90","12.20",
"CRMS0691","2021","243.10","4.00",
"CRMS0693","2005","217.70","29.40",
"CRMS0693","2008","216.00","31.10",
"CRMS0693","2012","214.50","32.60",
"CRMS0693","2015","218.40","28.70",
"CRMS0693","2018","220.50","26.60",
"CRMS0693","2021","217.50","29.60",
"CRMS0694","2005","199.70","47.40",
"CRMS0694","2008","197.80","49.30",
"CRMS0694","2012","74.50","172.60",
"CRMS0694","2015","79.10","168.00",
"CRMS0694","2018","79.80","167.30",
"CRMS0694","2021","83.90","163.20",
"CRMS0697","2005","182.90","64.20",
"CRMS0697","2008","183.00","64.10",
"CRMS0697","2012","184.10","63.00",
"CRMS0697","2015","187.10","60.00",
"CRMS0697","2018","186.10","61.00",
"CRMS0697","2021","185.10","62.00",
"CRMS0978","2005","124.10","123.00",
"CRMS0978","2008","121.60","125.50",
"CRMS0978","2012","115.10","132.00",
"CRMS0978","2016","115.20","131.90",
"CRMS0978","2018","100.20","146.90",
"CRMS0978","2021","81.20","165.90",
"CRMS1024","2005","153.20","93.90",
"CRMS1024","2008","150.10","97.00",
"CRMS1024","2012","148.60","98.50",
"CRMS1024","2016","143.50","103.60",
"CRMS1024","2018","143.20","103.90",
"CRMS1024","2021","140.60","106.50",
"CRMS1069","2005","156.30","90.80",
"CRMS1069","2008","150.40","96.80",
"CRMS1069","2012","151.00","96.10",
"CRMS1069","2016","150.80","96.30",
"CRMS1069","2018","144.50","102.60",
"CRMS1069","2021","142.60","104.50",
"CRMS1100","2005","229.60","17.50",
"CRMS1100","2008","209.80","37.30",
"CRMS1100","2012","229.20","17.90",
"CRMS1100","2015","227.90","19.20",
"CRMS1100","2018","229.50","17.60",
"CRMS1100","2021","233.50","13.60",
"CRMS1130","2005","157.20","89.90",
"CRMS1130","2008","222.30","24.80",
"CRMS1130","2012","231.80","15.30",
"CRMS1130","2015","142.90","104.20",
"CRMS1130","2018","168.50","78.60",
"CRMS1130","2021","112.50","134.60",
"CRMS1205","2005","162.30","84.80",
"CRMS1205","2008","33.00","214.10",
"CRMS1205","2012","36.00","211.10",
"CRMS1205","2015","44.50","202.60",
"CRMS1205","2018","43.90","203.20",
"CRMS1205","2021","53.00","194.10",
"CRMS1277","2005","244.10","3.00",
"CRMS1277","2008","246.00","1.10",
"CRMS1277","2012","245.80","1.30",
"CRMS1277","2015","232.80","14.30",
"CRMS1277","2018","242.60","4.50",
"CRMS1277","2021","242.30","4.80",
"CRMS1409","2005","201.30","45.80",
"CRMS1409","2008","198.50","48.60",
"CRMS1409","2012","208.50","38.60",
"CRMS1409","2015","204.10","43.00",
"CRMS1409","2018","196.00","51.10",
"CRMS1409","2021","183.80","63.30",
"CRMS1413","2005","170.20","76.90",
"CRMS1413","2008","187.90","59.20",
"CRMS1413","2012","199.10","48.00",
"CRMS1413","2015","194.60","52.50",
"CRMS1413","2018","195.50","51.60",
"CRMS1413","2021","186.80","60.30",
"CRMS1446","2005","139.20","107.90",
"CRMS1446","2008","180.40","66.70",
"CRMS1446","2012","199.90","47.20",
"CRMS1446","2015","168.00","79.10",
"CRMS1446","2018","166.20","80.90",
"CRMS1446","2021","153.40","93.70",
"CRMS1650","2005","171.20","75.90",
"CRMS1650","2008","172.50","74.60",
"CRMS1650","2012","175.80","71.30",
"CRMS1650","2015","187.40","59.70",
"CRMS1650","2018","186.30","60.80",
"CRMS1650","2021","188.90","58.20",
"CRMS1738","2005","158.50","88.60",
"CRMS1738","2008","155.90","91.20",
"CRMS1738","2012","138.90","108.20",
"CRMS1738","2015","133.70","113.40",
"CRMS1738","2018","129.40","117.70",
"CRMS1738","2021","124.60","122.50",
"CRMS1743","2005","204.20","42.90",
"CRMS1743","2008","203.00","44.10",
"CRMS1743","2012","162.60","84.50",
"CRMS1743","2015","118.70","128.40",
"CRMS1743","2018","116.70","130.40",
"CRMS1743","2021","116.70","130.40",
"CRMS1838","2005","236.70","10.40",
"CRMS1838","2008","234.70","12.40",
"CRMS1838","2012","229.00","18.10",
"CRMS1838","2015","182.90","64.20",
"CRMS1838","2018","209.20","37.90",
"CRMS1838","2021","215.20","31.90",
"CRMS1858","2005","239.70","7.40",
"CRMS1858","2008","236.80","10.30",
"CRMS1858","2012","239.20","7.90",
"CRMS1858","2015","241.20","5.90",
"CRMS1858","2018","240.00","7.10",
"CRMS1858","2021","233.10","14.00",
"CRMS1965","2005","75.20","171.90",
"CRMS1965","2008","60.90","186.20",
"CRMS1965","2012","72.40","174.70",
"CRMS1965","2015","58.50","188.60",
"CRMS1965","2018","52.50","194.60",
"CRMS1965","2021","36.80","210.30",
"CRMS2041","2005","209.40","37.70",
"CRMS2041","2008","211.20","35.90",
"CRMS2041","2012","213.30","33.80",
"CRMS2041","2015","219.10","28.00",
"CRMS2041","2018","223.10","24.00",
"CRMS2041","2021","220.00","27.10",
"CRMS2154","2005","193.80","53.30",
"CRMS2154","2008","62.00","185.10",
"CRMS2154","2012","64.20","182.90",
"CRMS2154","2015","62.40","184.70",
"CRMS2154","2018","62.00","185.10",
"CRMS2154","2021","71.60","175.50",
"CRMS2156","2005","113.80","133.30",
"CRMS2156","2008","120.30","126.80",
"CRMS2156","2012","112.20","134.90",
"CRMS2156","2015","115.20","131.90",
"CRMS2156","2018","112.60","134.50",
"CRMS2156","2021","114.40","132.70",
"CRMS2166","2005","219.30","27.80",
"CRMS2166","2008","206.40","40.70",
"CRMS2166","2012","213.30","33.80",
"CRMS2166","2015","207.40","39.70",
"CRMS2166","2018","201.20","45.90",
"CRMS2166","2021","193.10","54.00",
"CRMS2189","2005","154.90","92.20",
"CRMS2189","2008","154.10","93.00",
"CRMS2189","2012","154.00","93.10",
"CRMS2189","2015","154.90","92.20",
"CRMS2189","2018","152.20","94.90",
"CRMS2189","2021","150.60","96.50",
"CRMS2219","2005","234.00","13.10",
"CRMS2219","2008","218.60","28.50",
"CRMS2219","2012","237.10","10.00",
"CRMS2219","2015","239.40","7.70",
"CRMS2219","2018","237.30","9.80",
"CRMS2219","2021","235.90","11.20",
"CRMS2334","2005","124.90","122.20",
"CRMS2334","2008","103.10","144.00",
"CRMS2334","2012","117.50","129.60",
"CRMS2334","2015","106.00","141.10",
"CRMS2334","2018","98.90","148.20",
"CRMS2334","2021","89.60","157.50",
"CRMS2418","2005","56.60","190.50",
"CRMS2418","2008","53.30","193.80",
"CRMS2418","2012","57.50","189.60",
"CRMS2418","2015","60.10","187.00",
"CRMS2418","2018","69.10","178.00",
"CRMS2418","2021","63.40","183.70",
"CRMS2493","2005","138.30","108.80",
"CRMS2493","2008","138.30","108.80",
"CRMS2493","2012","144.00","103.10",
"CRMS2493","2015","145.80","101.30",
"CRMS2493","2018","147.40","99.70",
"CRMS2493","2021","146.10","101.00",
"CRMS2568","2005","222.70","24.40",
"CRMS2568","2008","220.90","26.20",
"CRMS2568","2012","219.20","27.90",
"CRMS2568","2016","223.70","23.40",
"CRMS2568","2018","219.50","27.60",
"CRMS2568","2021","219.80","27.30",
"CRMS2608","2005","137.70","109.40",
"CRMS2608","2008","161.70","85.40",
"CRMS2608","2012","121.40","125.70",
"CRMS2608","2016","142.70","104.40",
"CRMS2608","2018","120.00","127.10",
"CRMS2608","2021","114.30","132.80",
"CRMS2614","2005","65.00","182.10",
"CRMS2614","2008","68.10","179.00",
"CRMS2614","2012","85.40","161.70",
"CRMS2614","2016","101.70","145.40",
"CRMS2614","2018","95.40","151.70",
"CRMS2614","2021","90.40","156.70",
"CRMS2627","2005","110.00","137.10",
"CRMS2627","2008","124.70","122.40",
"CRMS2627","2012","138.80","108.30",
"CRMS2627","2016","155.20","91.90",
"CRMS2627","2018","145.20","101.90",
"CRMS2627","2021","107.90","139.20",
"CRMS2634","2005","66.60","180.50",
"CRMS2634","2008","93.80","153.30",
"CRMS2634","2012","105.80","141.30",
"CRMS2634","2016","134.40","112.70",
"CRMS2634","2018","125.10","122.00",
"CRMS2634","2021","115.80","131.30",
"CRMS2785","2005","214.90","32.20",
"CRMS2785","2008","214.90","32.20",
"CRMS2785","2012","213.80","33.30",
"CRMS2785","2016","216.30","30.80",
"CRMS2785","2018","214.70","32.40",
"CRMS2785","2021","213.30","33.80",
"CRMS2825","2005","198.60","48.50",
"CRMS2825","2008","192.30","54.80",
"CRMS2825","2012","206.70","40.40",
"CRMS2825","2016","198.20","48.90",
"CRMS2825","2018","180.50","66.60",
"CRMS2825","2021","172.70","74.40",
"CRMS2830","2005","130.50","116.70",
"CRMS2830","2008","128.30","118.80",
"CRMS2830","2012","129.20","117.90",
"CRMS2830","2016","131.50","115.60",
"CRMS2830","2018","129.30","117.80",
"CRMS2830","2021","125.60","121.50",
"CRMS2854","2005","146.10","101.00",
"CRMS2854","2008","141.60","105.50",
"CRMS2854","2012","147.70","99.40",
"CRMS2854","2016","156.90","90.20",
"CRMS2854","2018","150.30","96.80",
"CRMS2854","2021","146.70","100.40",
"CRMS2862","2005","232.10","15.00",
"CRMS2862","2008","231.50","15.60",
"CRMS2862","2012","232.10","15.00",
"CRMS2862","2016","232.90","14.20",
"CRMS2862","2018","229.00","18.10",
"CRMS2862","2021","228.80","18.30",
"CRMS2881","2005","149.90","97.20",
"CRMS2881","2008","150.90","96.20",
"CRMS2881","2012","149.80","97.30",
"CRMS2881","2016","172.10","75.00",
"CRMS2881","2018","159.70","87.40",
"CRMS2881","2021","156.00","91.10",
"CRMS2887","2005","212.00","35.20",
"CRMS2887","2008","218.60","28.50",
"CRMS2887","2012","222.50","24.60",
"CRMS2887","2016","217.90","29.20",
"CRMS2887","2018","214.60","32.50",
"CRMS2887","2021","213.10","34.00",
"CRMS2939","2005","215.50","31.60",
"CRMS2939","2008","214.40","32.70",
"CRMS2939","2012","213.70","33.40",
"CRMS2939","2016","214.40","32.70",
"CRMS2939","2018","213.80","33.30",
"CRMS2939","2021","214.30","32.80",
"CRMS2991","2005","189.90","57.30",
"CRMS2991","2008","211.90","35.20",
"CRMS2991","2012","221.60","25.50",
"CRMS2991","2016","225.70","21.40",
"CRMS2991","2018","221.80","25.30",
"CRMS2991","2021","220.30","26.80",
"CRMS3054","2005","150.10","97.00",
"CRMS3054","2008","156.60","90.50",
"CRMS3054","2012","177.30","69.80",
"CRMS3054","2016","177.90","69.20",
"CRMS3054","2018","172.90","74.20",
"CRMS3054","2021","161.40","85.70",
"CRMS3136","2005","234.40","12.80",
"CRMS3136","2008","235.80","11.30",
"CRMS3136","2012","234.50","12.60",
"CRMS3136","2016","236.80","10.30",
"CRMS3136","2018","234.70","12.40",
"CRMS3136","2021","233.60","13.50",
"CRMS3166","2005","228.00","19.10",
"CRMS3166","2008","226.70","20.40",
"CRMS3166","2012","227.00","20.10",
"CRMS3166","2016","230.70","16.40",
"CRMS3166","2018","228.40","18.70",
"CRMS3166","2021","209.50","37.60",
"CRMS3169","2005","181.80","65.40",
"CRMS3169","2008","169.60","77.50",
"CRMS3169","2012","155.10","92.00",
"CRMS3169","2016","168.80","78.30",
"CRMS3169","2018","170.60","76.50",
"CRMS3169","2021","163.50","83.60",
"CRMS3296","2005","81.60","165.50",
"CRMS3296","2008","80.10","167.00",
"CRMS3296","2012","75.00","172.10",
"CRMS3296","2016","73.20","173.90",
"CRMS3296","2018","69.70","177.40",
"CRMS3296","2021","67.40","179.70",
"CRMS3565","2005","89.80","157.30",
"CRMS3565","2008","86.10","161.00",
"CRMS3565","2012","95.30","151.80",
"CRMS3565","2016","70.20","176.90",
"CRMS3565","2018","50.80","196.30",
"CRMS3565","2021","10.20","236.90",
"CRMS3590","2005","167.50","79.60",
"CRMS3590","2008","166.40","80.70",
"CRMS3590","2012","166.60","80.50",
"CRMS3590","2016","168.40","78.70",
"CRMS3590","2018","164.80","82.30",
"CRMS3590","2021","158.40","88.70",
"CRMS3601","2005","132.60","114.50",
"CRMS3601","2008","125.40","121.70",
"CRMS3601","2012","101.20","145.90",
"CRMS3601","2016","105.10","142.00",
"CRMS3601","2018","90.00","157.10",
"CRMS3601","2021","52.50","194.60",
"CRMS3617","2005","128.20","118.90",
"CRMS3617","2008","126.80","120.30",
"CRMS3617","2012","122.70","124.40",
"CRMS3617","2016","124.20","122.90",
"CRMS3617","2018","115.10","132.00",
"CRMS3617","2021","103.70","143.40",
"CRMS3626","2005","150.00","97.10",
"CRMS3626","2008","145.10","102.00",
"CRMS3626","2012","148.20","98.90",
"CRMS3626","2016","149.40","97.70",
"CRMS3626","2018","144.30","102.80",
"CRMS3626","2021","137.50","109.60",
"CRMS3639","2005","208.90","38.20",
"CRMS3639","2008","206.10","41.00",
"CRMS3639","2012","210.10","37.10",
"CRMS3639","2016","209.30","37.80",
"CRMS3639","2018","209.00","38.10",
"CRMS3639","2021","206.90","40.20",
"CRMS3641","2005","165.40","81.70",
"CRMS3641","2008","168.30","78.80",
"CRMS3641","2012","171.20","75.90",
"CRMS3641","2016","169.20","77.90",
"CRMS3641","2018","165.10","82.00",
"CRMS3641","2021","163.40","83.70",
"CRMS3650","2005","179.80","67.30",
"CRMS3650","2008","181.10","66.00",
"CRMS3650","2012","182.00","65.10",
"CRMS3650","2016","185.70","61.40",
"CRMS3650","2018","181.60","65.50",
"CRMS3650","2021","177.40","69.70",
"CRMS3664","2005","211.90","35.20",
"CRMS3664","2008","210.00","37.10",
"CRMS3664","2012","207.20","39.90",
"CRMS3664","2016","213.50","33.60",
"CRMS3664","2018","209.10","38.00",
"CRMS3664","2021","206.30","40.80",
"CRMS3667","2005","134.10","113.00",
"CRMS3667","2008","121.70","125.40",
"CRMS3667","2012","120.10","127.00",
"CRMS3667","2016","148.20","98.90",
"CRMS3667","2018","173.10","74.00",
"CRMS3667","2021","166.80","80.30",
"CRMS3680","2005","126.40","120.70",
"CRMS3680","2008","135.60","111.50",
"CRMS3680","2012","127.00","120.10",
"CRMS3680","2016","132.60","114.50",
"CRMS3680","2018","119.50","127.60",
"CRMS3680","2021","106.20","140.90",
"CRMS3784","2005","144.40","102.70",
"CRMS3784","2008","150.90","96.20",
"CRMS3784","2012","150.70","96.40",
"CRMS3784","2016","153.90","93.20",
"CRMS3784","2018","146.70","100.40",
"CRMS3784","2021","134.50","112.60",
"CRMS3800","2005","162.00","85.10",
"CRMS3800","2008","166.10","81.00",
"CRMS3800","2012","163.20","83.90",
"CRMS3800","2016","164.40","82.70",
"CRMS3800","2018","158.40","88.70",
"CRMS3800","2021","145.40","101.70",
"CRMS3913","2005","238.90","8.20",
"CRMS3913","2008","239.20","7.90",
"CRMS3913","2012","242.20","4.90",
"CRMS3913","2016","242.30","4.80",
"CRMS3913","2018","242.20","4.90",
"CRMS3913","2021","241.60","5.50",
"CRMS3985","2005","225.30","21.80",
"CRMS3985","2008","226.50","20.60",
"CRMS3985","2012","232.40","14.70",
"CRMS3985","2016","235.20","11.90",
"CRMS3985","2018","232.60","14.50",
"CRMS3985","2021","217.20","29.90",
"CRMS4014","2005","211.00","36.10",
"CRMS4014","2008","214.70","32.40",
"CRMS4014","2012","214.50","32.60",
"CRMS4014","2016","216.80","30.30",
"CRMS4014","2018","212.90","34.20",
"CRMS4014","2021","213.00","34.10",
"CRMS4016","2005","186.50","60.70",
"CRMS4016","2008","189.30","57.80",
"CRMS4016","2012","185.40","61.70",
"CRMS4016","2016","190.00","57.10",
"CRMS4016","2018","183.60","63.50",
"CRMS4016","2021","173.10","74.00",
"CRMS4045","2005","120.50","126.60",
"CRMS4045","2008","121.90","125.20",
"CRMS4045","2012","122.40","124.70",
"CRMS4045","2016","130.10","117.00",
"CRMS4045","2018","124.90","122.20",
"CRMS4045","2021","117.50","129.60",
"CRMS4094","2005","237.10","10.00",
"CRMS4094","2008","233.10","14.00",
"CRMS4094","2012","234.60","12.50",
"CRMS4094","2016","237.70","9.40",
"CRMS4094","2018","234.20","12.90",
"CRMS4094","2021","235.20","11.90",
"CRMS4103","2005","105.70","141.40",
"CRMS4103","2008","100.20","146.90",
"CRMS4103","2012","91.00","156.10",
"CRMS4103","2016","102.70","144.40",
"CRMS4103","2018","93.60","153.50",
"CRMS4103","2021","77.00","170.10",
"CRMS4107","2005","84.30","162.80",
"CRMS4107","2008","83.10","164.00",
"CRMS4107","2012","91.40","155.70",
"CRMS4107","2016","97.70","149.40",
"CRMS4107","2018","107.20","139.90",
"CRMS4107","2021","146.00","101.10",
"CRMS4110","2005","170.40","76.70",
"CRMS4110","2008","172.40","74.70",
"CRMS4110","2012","168.10","79.00",
"CRMS4110","2016","176.50","70.60",
"CRMS4110","2018","176.20","70.90",
"CRMS4110","2021","171.50","75.60",
"CRMS4218","2005","103.10","144.00",
"CRMS4218","2008","92.50","154.60",
"CRMS4218","2012","103.20","143.90",
"CRMS4218","2016","100.40","146.70",
"CRMS4218","2018","92.30","154.80",
"CRMS4218","2021","58.90","188.20",
"CRMS4245","2005","84.30","162.80",
"CRMS4245","2008","81.70","165.40",
"CRMS4245","2012","87.40","159.70",
"CRMS4245","2016","94.40","152.70",
"CRMS4245","2018","92.40","154.70",
"CRMS4245","2021","79.40","167.70",
"CRMS4355","2005","111.90","135.20",
"CRMS4355","2008","138.60","108.50",
"CRMS4355","2012","131.80","115.30",
"CRMS4355","2016","157.90","89.20",
"CRMS4355","2018","157.50","89.60",
"CRMS4355","2021","140.50","106.60",
"CRMS4406","2005","187.70","59.40",
"CRMS4406","2008","190.30","56.80",
"CRMS4406","2012","187.40","59.70",
"CRMS4406","2016","187.60","59.50",
"CRMS4406","2018","184.30","62.80",
"CRMS4406","2021","184.10","63.00",
"CRMS4407","2005","124.40","122.70",
"CRMS4407","2008","132.90","114.20",
"CRMS4407","2012","133.70","113.40",
"CRMS4407","2016","141.50","105.60",
"CRMS4407","2018","139.30","107.80",
"CRMS4407","2021","134.30","112.80",
"CRMS4448","2005","87.40","159.70",
"CRMS4448","2008","119.40","127.70",
"CRMS4448","2012","135.50","111.60",
"CRMS4448","2016","142.80","104.30",
"CRMS4448","2018","130.60","116.50",
"CRMS4448","2021","110.90","136.20",
"CRMS4455","2005","110.80","136.30",
"CRMS4455","2008","109.40","137.70",
"CRMS4455","2012","108.40","138.70",
"CRMS4455","2016","106.40","140.70",
"CRMS4455","2018","106.50","140.60",
"CRMS4455","2021","105.90","141.20",
"CRMS4529","2005","137.10","110.10",
"CRMS4529","2008","135.60","111.50",
"CRMS4529","2012","132.50","114.60",
"CRMS4529","2016","132.00","115.10",
"CRMS4529","2018","128.60","118.50",
"CRMS4529","2021","125.40","121.70",
"CRMS4548","2005","86.90","160.20",
"CRMS4548","2008","90.10","157.00",
"CRMS4548","2012","88.70","158.40",
"CRMS4548","2016","86.00","161.10",
"CRMS4548","2018","84.00","163.10",
"CRMS4548","2021","84.70","162.40",
"CRMS4551","2005","88.50","158.60",
"CRMS4551","2008","86.00","161.10",
"CRMS4551","2012","81.60","165.50",
"CRMS4551","2016","77.40","169.70",
"CRMS4551","2018","71.90","175.20",
"CRMS4551","2021","70.30","176.80",
"CRMS4557","2005","200.70","46.40",
"CRMS4557","2008","200.90","46.20",
"CRMS4557","2012","200.50","46.60",
"CRMS4557","2016","202.10","45.00",
"CRMS4557","2018","197.50","49.60",
"CRMS4557","2021","198.40","48.70",
"CRMS4572","2005","214.10","33.00",
"CRMS4572","2008","214.50","32.60",
"CRMS4572","2012","212.50","34.60",
"CRMS4572","2016","212.00","35.10",
"CRMS4572","2018","207.20","39.90",
"CRMS4572","2021","209.90","37.20",
"CRMS4596","2005","204.80","42.30",
"CRMS4596","2008","201.90","45.20",
"CRMS4596","2012","201.80","45.30",
"CRMS4596","2016","195.30","51.80",
"CRMS4596","2018","192.30","54.80",
"CRMS4596","2021","193.20","53.90",
"CRMS4626","2005","70.30","176.80",
"CRMS4626","2008","71.40","175.70",
"CRMS4626","2012","75.30","171.80",
"CRMS4626","2016","75.20","171.90",
"CRMS4626","2018","73.30","173.80",
"CRMS4626","2021","54.40","192.70",
"CRMS4690","2005","106.10","141.00",
"CRMS4690","2008","103.70","143.40",
"CRMS4690","2012","104.10","143.00",
"CRMS4690","2016","106.30","140.80",
"CRMS4690","2018","96.90","150.20",
"CRMS4690","2021","96.10","151.00",
"CRMS4779","2005","228.10","19.00",
"CRMS4779","2008","224.50","22.60",
"CRMS4779","2012","222.90","24.20",
"CRMS4779","2016","233.50","13.60",
"CRMS4779","2018","225.70","21.40",
"CRMS4779","2021","233.20","13.90",
"CRMS4782","2005","221.70","25.40",
"CRMS4782","2008","219.70","27.50",
"CRMS4782","2012","218.30","28.80",
"CRMS4782","2016","223.60","23.50",
"CRMS4782","2018","219.70","27.40",
"CRMS4782","2021","220.60","26.50",
"CRMS4808","2005","235.60","11.50",
"CRMS4808","2008","235.70","11.40",
"CRMS4808","2012","233.90","13.30",
"CRMS4808","2016","239.50","7.60",
"CRMS4808","2018","233.80","13.30",
"CRMS4808","2021","234.10","13.00",
"CRMS4809","2005","224.20","22.90",
"CRMS4809","2008","224.30","22.80",
"CRMS4809","2012","219.20","28.00",
"CRMS4809","2016","222.80","24.30",
"CRMS4809","2018","220.40","26.70",
"CRMS4809","2021","220.10","27.00",
"CRMS4900","2005","188.40","58.70",
"CRMS4900","2008","168.00","79.10",
"CRMS4900","2012","212.10","35.10",
"CRMS4900","2016","199.60","47.50",
"CRMS4900","2018","179.60","67.50",
"CRMS4900","2021","180.00","67.10",
"CRMS4938","2005","220.40","26.70",
"CRMS4938","2008","219.50","27.60",
"CRMS4938","2012","223.90","23.20",
"CRMS4938","2016","222.80","24.30",
"CRMS4938","2018","215.00","32.10",
"CRMS4938","2021","213.40","33.70",
"CRMS5003","2005","232.10","15.00",
"CRMS5003","2008","231.80","15.30",
"CRMS5003","2012","233.60","13.50",
"CRMS5003","2016","233.20","13.90",
"CRMS5003","2018","229.40","17.70",
"CRMS5003","2021","227.10","20.00",
"CRMS5035","2005","201.50","45.60",
"CRMS5035","2008","199.20","47.90",
"CRMS5035","2012","198.40","48.70",
"CRMS5035","2016","200.70","46.40",
"CRMS5035","2018","196.40","50.70",
"CRMS5035","2021","196.80","50.30",
"CRMS5116","2005","246.70","0.40",
"CRMS5116","2008","246.40","0.70",
"CRMS5116","2012","246.80","0.30",
"CRMS5116","2016","243.10","4.00",
"CRMS5116","2018","239.90","7.20",
"CRMS5116","2021","243.60","3.50",
"CRMS5167","2005","241.00","6.10",
"CRMS5167","2008","241.70","5.40",
"CRMS5167","2012","241.70","5.40",
"CRMS5167","2016","242.70","4.40",
"CRMS5167","2018","239.30","7.80",
"CRMS5167","2021","239.30","7.80",
"CRMS5255","2005","210.70","36.40",
"CRMS5255","2008","210.60","36.50",
"CRMS5255","2012","212.20","34.90",
"CRMS5255","2016","213.30","33.80",
"CRMS5255","2018","211.40","35.70",
"CRMS5255","2021","209.10","38.00",
"CRMS5267","2005","210.50","36.60",
"CRMS5267","2008","214.30","32.80",
"CRMS5267","2012","218.30","28.80",
"CRMS5267","2016","209.60","37.50",
"CRMS5267","2018","207.90","39.20",
"CRMS5267","2021","207.70","39.40",
"CRMS5373","2005","239.20","7.90",
"CRMS5373","2008","238.90","8.20",
"CRMS5373","2012","236.30","10.80",
"CRMS5373","2016","233.30","13.80",
"CRMS5373","2018","233.20","13.90",
"CRMS5373","2021","228.70","18.40",
"CRMS5414","2005","238.80","8.30",
"CRMS5414","2008","239.10","8.00",
"CRMS5414","2012","236.60","10.50",
"CRMS5414","2016","237.50","9.60",
"CRMS5414","2018","236.50","10.60",
"CRMS5414","2021","235.10","12.00",
"CRMS5452","2005","215.20","31.90",
"CRMS5452","2008","216.50","30.60",
"CRMS5452","2012","215.00","32.10",
"CRMS5452","2016","218.40","28.70",
"CRMS5452","2018","218.00","29.10",
"CRMS5452","2021","216.00","31.10",
"CRMS5536","2005","229.90","17.20",
"CRMS5536","2008","223.00","24.10",
"CRMS5536","2012","226.70","20.40",
"CRMS5536","2016","230.20","16.90",
"CRMS5536","2018","217.00","30.10",
"CRMS5536","2021","225.90","21.20",
"CRMS5672","2005","246.50","0.60",
"CRMS5672","2008","246.70","0.40",
"CRMS5672","2012","246.50","0.60",
"CRMS5672","2016","244.00","3.10",
"CRMS5672","2018","243.60","3.50",
"CRMS5672","2021","243.30","3.80",
"CRMS5770","2005","247.10","0.00",
"CRMS5770","2008","247.10","0.00",
"CRMS5770","2012","247.10","0.00",
"CRMS5770","2016","246.70","0.40",
"CRMS5770","2018","246.90","0.20",
"CRMS5770","2021","246.90","0.20",
"CRMS5845","2005","217.00","30.10",
"CRMS5845","2008","219.00","28.10",
"CRMS5845","2012","217.80","29.40",
"CRMS5845","2016","211.60","35.50",
"CRMS5845","2018","209.80","37.30",
"CRMS5845","2021","210.80","36.30",
"CRMS5992","2005","238.50","8.60",
"CRMS5992","2008","238.20","8.90",
"CRMS5992","2012","240.90","6.20",
"CRMS5992","2015","240.50","6.60",
"CRMS5992","2018","238.60","8.50",
"CRMS5992","2021","239.80","7.30",
"CRMS6008","2005","218.00","29.10",
"CRMS6008","2008","218.30","28.80",
"CRMS6008","2012","217.90","29.20",
"CRMS6008","2016","222.00","25.10",
"CRMS6008","2018","221.60","25.50",
"CRMS6008","2021","220.20","26.90",
"CRMS6038","2005","198.30","48.80",
"CRMS6038","2008","197.50","49.60",
"CRMS6038","2012","197.50","49.70",
"CRMS6038","2016","199.00","48.10",
"CRMS6038","2018","197.80","49.30",
"CRMS6038","2021","193.50","53.60",
"CRMS6042","2005","229.60","17.60",
"CRMS6042","2008","225.20","21.90",
"CRMS6042","2012","228.40","18.70",
"CRMS6042","2016","228.30","18.80",
"CRMS6042","2018","224.60","22.50",
"CRMS6042","2021","224.70","22.40",
"CRMS6088","2005","245.30","1.80",
"CRMS6088","2008","245.10","2.00",
"CRMS6088","2012","245.50","1.60",
"CRMS6088","2016","243.80","3.30",
"CRMS6088","2018","243.40","3.70",
"CRMS6088","2021","243.80","3.30",
"CRMS6090","2005","222.60","24.50",
"CRMS6090","2008","222.00","25.20",
"CRMS6090","2012","222.00","25.10",
"CRMS6090","2016","207.70","39.40",
"CRMS6090","2018","200.20","46.90",
"CRMS6090","2021","203.40","43.70",
"CRMS6209","2005","235.30","11.80",
"CRMS6209","2008","234.50","12.60",
"CRMS6209","2012","239.10","8.00",
"CRMS6209","2016","240.60","6.50",
"CRMS6209","2018","235.30","11.80",
"CRMS6209","2021","227.70","19.40",
"CRMS6299","2005","191.20","55.90",
"CRMS6299","2008","231.10","16.00",
"CRMS6299","2012","236.50","10.60",
"CRMS6299","2016","214.80","32.30",
"CRMS6299","2018","216.00","31.10",
"CRMS6299","2021","211.10","36.00",
"CRMS6301","2005","134.50","112.60",
"CRMS6301","2008","144.00","103.10",
"CRMS6301","2012","147.90","99.20",
"CRMS6301","2015","155.70","91.40",
"CRMS6301","2018","149.80","97.30",
"CRMS6301","2021","149.80","97.30",
"CRMS6302","2005","0.00","247.10",
"CRMS6302","2008","0.00","247.10",
"CRMS6302","2012","244.30","2.80",
"CRMS6302","2015","162.40","84.70",
"CRMS6302","2018","212.10","35.00",
"CRMS6302","2021","219.70","27.40",
"CRMS6303","2005","130.50","116.60",
"CRMS6303","2008","187.20","59.90",
"CRMS6303","2012","195.10","52.00",
"CRMS6303","2016","198.30","48.80",
"CRMS6303","2018","193.10","54.00",
"CRMS6303","2021","79.90","167.20",
"CRMS6304","2005","112.60","134.50",
"CRMS6304","2008","114.80","132.30",
"CRMS6304","2012","125.00","122.10",
"CRMS6304","2016","124.90","122.20",
"CRMS6304","2018","120.90","126.20",
"CRMS6304","2021","117.90","129.20",
"PO142-01","2021","221.20","25.90",
"PO142-02","2021","208.30","38.80",
"PO142-03","2021","243.20","3.90",
"TV21CR01","2021","205.10","42.00",
"TV21CR02","2021","211.00","36.10",
